PRODUCTO,TIPO_CARROCERIA,COMBUSTIBLE,Potencia,TRANS,FORMA_PAGO,ESTADO_CIVIL,GENERO,OcupaciOn,PROVINCIA,Campanna1,Campanna2,Campanna3,Zona_Renta,REV_Garantia,Averia_grave,QUEJA_CAC,COSTE_VENTA,km_anno,Revisiones,Edad_Cliente,Prediccion,Probabilidad_Compra,porcentaje,Tipo_Cliente
0,0,0,0,1,3,0,0,1,51,1,0,0,0,1,3,1,2594,2281,2,23,0,0.3079935,30.799349999999997,Dudosos
0,0,0,0,1,0,0,0,2,28,0,0,0,0,1,0,0,2594,6207,2,60,0,0.30914086,30.914086,Dudosos
0,0,0,0,1,2,0,0,1,18,1,0,0,3,0,0,0,3850,0,2,18,0,0.43893272,43.893272,Dudosos
0,0,0,0,1,3,3,0,1,40,0,0,0,0,0,2,0,1818,0,2,29,0,0.33403006,33.403006000000005,Dudosos
0,0,0,0,1,3,0,1,1,44,1,0,0,0,1,2,0,1376,21182,2,58,0,0.3478584,34.78584,Dudosos
0,0,0,0,1,2,0,1,1,31,1,0,0,0,0,0,0,2015,0,2,18,0,0.34920448,34.920448,Dudosos
0,0,0,0,1,3,2,0,1,8,0,0,0,0,0,0,0,1376,0,1,22,0,0.4255414,42.554140000000004,Dudosos
0,0,0,0,0,2,0,1,1,8,1,0,1,0,0,1,0,1376,0,2,19,0,0.3317807,33.17807,Dudosos
0,0,0,1,1,2,0,0,1,29,1,0,0,0,0,0,0,2015,0,1,32,0,0.47491458,47.491457999999994,Dudosos
0,0,0,0,1,2,0,0,1,8,0,0,1,0,0,0,0,2169,0,1,18,0,0.361104,36.1104,Dudosos
0,0,0,0,1,0,0,0,1,34,0,0,0,0,0,0,0,1590,0,0,23,0,0.36775464,36.775464,Dudosos
1,5,0,1,1,0,0,1,1,31,0,0,0,0,1,0,0,1750,19981,2,60,0,0.43221492,43.221492,Dudosos
1,5,0,1,1,3,0,1,1,13,0,0,0,0,1,3,1,1750,7419,2,41,0,0.33528516,33.528516,Dudosos
1,0,0,0,1,2,3,1,1,26,1,0,0,0,1,0,0,2370,8898,1,40,0,0.33643767,33.643767000000004,Dudosos
1,0,0,1,1,2,3,0,1,48,1,0,0,0,1,0,0,2464,8787,2,62,0,0.3252376,32.52376,Dudosos
1,0,0,1,1,3,0,1,1,21,0,0,0,0,1,0,0,1750,8602,1,57,0,0.46346688,46.346688,Dudosos
1,0,0,1,1,0,0,1,1,42,0,0,0,0,0,0,0,1750,0,2,26,0,0.4525379,45.25379,Dudosos
1,0,0,1,1,0,0,0,1,31,0,0,0,0,1,0,0,2118,17973,2,37,0,0.34006473,34.006473,Dudosos
1,0,0,1,1,2,3,1,1,31,1,0,0,0,1,0,0,2832,11067,2,58,0,0.4461848,44.61848,Dudosos
1,0,0,1,1,0,0,1,1,31,1,0,0,0,1,0,0,1750,18722,2,48,0,0.33230492,33.230492,Dudosos
1,0,0,1,1,3,0,0,2,3,0,0,0,0,0,0,0,1750,0,1,63,0,0.33153936,33.153936,Dudosos
1,5,0,1,1,2,0,1,1,51,1,0,0,0,0,0,0,2370,0,1,58,0,0.30264792,30.264792,Dudosos
1,0,0,1,1,2,3,1,2,40,1,0,0,0,0,0,0,2648,0,2,58,0,0.3570413,35.70413,Dudosos
1,0,0,1,1,0,0,0,1,31,0,0,0,0,0,3,1,1654,0,2,54,0,0.31624392,31.624392,Dudosos
1,0,0,1,1,3,0,1,1,51,0,0,0,0,0,0,0,1654,0,1,57,0,0.3649939,36.49939,Dudosos
1,0,0,1,1,1,0,1,1,8,0,0,0,0,0,0,0,1750,0,2,22,0,0.3228134,32.28134,Dudosos
1,0,0,1,1,2,0,1,1,31,1,0,0,0,0,0,0,2464,0,1,22,0,0.38421208,38.421208,Dudosos
1,0,0,1,1,2,0,1,1,31,1,0,0,0,0,0,1,2464,0,1,23,0,0.4073013,40.730129999999996,Dudosos
1,0,0,1,1,0,0,1,1,25,0,0,0,0,0,0,0,1750,0,2,36,0,0.49178067,49.178067,Dudosos
1,0,0,1,1,0,0,0,1,19,0,0,0,0,0,0,0,1750,0,2,63,0,0.33101648,33.101648,Dudosos
1,0,0,1,1,2,3,0,1,31,1,0,1,1,0,0,0,3994,0,1,57,0,0.4045116,40.45116,Dudosos
1,0,0,1,1,2,0,0,1,8,0,0,1,1,0,0,0,3494,0,1,60,0,0.47683132,47.683132,Dudosos
1,0,0,2,1,2,0,1,1,8,1,0,0,0,0,0,0,2307,0,1,64,0,0.3971423,39.71423,Dudosos
1,0,0,2,1,0,0,1,1,31,0,0,0,0,0,0,0,1684,0,1,33,0,0.34780595,34.780595,Dudosos
1,5,0,1,1,0,3,1,1,49,1,0,0,2,0,2,0,4453,14853,4,41,0,0.4467544,44.67544,Dudosos
1,5,1,1,1,0,3,0,1,26,1,1,0,0,0,3,1,6892,6018,7,54,0,0.34734464,34.734463999999996,Dudosos
1,5,1,1,1,0,3,1,2,8,0,0,0,0,0,3,1,3305,13998,4,42,0,0.4080636,40.806360000000005,Dudosos
1,5,1,1,1,0,0,1,1,8,0,0,0,0,0,3,1,3115,6904,7,57,0,0.3035298,30.352980000000002,Dudosos
1,5,1,1,1,0,3,1,1,8,0,0,0,0,1,3,1,1972,13477,5,57,0,0.45730954,45.730954000000004,Dudosos
1,5,1,1,1,0,3,1,1,48,0,0,0,0,0,3,1,2616,18112,8,58,0,0.35760355,35.760355,Dudosos
1,5,1,1,1,0,0,0,1,49,0,0,0,0,1,1,0,3115,16792,8,49,0,0.3066291,30.66291,Dudosos
1,5,0,1,1,0,0,0,1,47,0,0,0,0,0,0,0,3299,8102,4,45,0,0.32524118,32.524118,Dudosos
1,5,0,1,1,0,0,0,1,4,1,0,0,0,0,0,0,3207,11408,4,39,0,0.33545953,33.545953,Dudosos
1,0,1,1,1,0,3,0,1,31,0,0,0,0,1,0,1,4127,16586,4,39,0,0.4086869,40.86869,Dudosos
1,0,1,1,1,1,0,1,2,31,0,0,0,0,0,2,1,3210,18950,4,66,0,0.3651797,36.51797,Dudosos
1,0,1,1,1,0,0,1,1,39,0,0,0,1,0,3,1,5059,6985,4,51,0,0.4442739,44.42739,Dudosos
1,0,0,1,1,3,0,0,2,18,0,1,0,0,0,0,0,2134,4427,7,47,0,0.3762832,37.628319999999995,Dudosos
1,5,0,2,1,0,3,1,2,28,0,1,0,0,0,3,1,1021,5446,4,43,0,0.44333625,44.333625,Dudosos
1,0,1,1,1,0,0,0,1,31,0,1,0,0,0,3,1,1525,17767,5,47,0,0.42174637,42.174637,Dudosos
1,0,0,2,1,0,0,1,1,31,1,0,0,0,0,0,0,3116,18416,4,60,0,0.48261836,48.261836,Dudosos
1,0,1,1,1,0,0,1,1,35,0,1,0,1,0,1,0,3988,7036,4,42,0,0.4438037,44.38037,Dudosos
1,0,1,1,1,3,0,1,1,31,0,0,0,0,0,0,1,5947,0,2,28,0,0.41896266,41.896266,Dudosos
2,3,1,1,1,3,0,1,1,8,0,0,0,0,0,3,1,2869,14708,7,56,0,0.41428792,41.428791999999994,Dudosos
2,3,1,1,1,0,0,1,1,47,0,0,0,0,0,0,0,2013,20014,7,63,0,0.45276436,45.276436,Dudosos
2,3,1,1,1,0,3,1,1,31,0,0,0,2,0,0,0,4692,9083,7,46,0,0.43289098,43.289097999999996,Dudosos
2,3,1,1,1,0,0,1,1,8,0,0,0,0,0,3,1,2869,11161,4,58,0,0.48521003,48.521003,Dudosos
2,3,0,1,1,0,0,0,1,47,0,0,0,0,0,0,0,1154,6104,7,54,0,0.36358264,36.358264,Dudosos
2,3,1,1,1,0,0,1,1,31,0,0,0,0,0,3,1,3934,13559,4,56,0,0.38757733,38.757733,Dudosos
0,0,0,0,1,2,0,0,1,28,0,0,0,0,0,3,1,368,8289,4,52,0,0.49117202,49.117202,Dudosos
0,0,0,0,1,3,1,1,1,27,0,0,0,0,0,0,0,2024,7580,7,52,0,0.492653,49.2653,Dudosos
0,0,0,0,1,3,2,0,1,40,0,0,0,0,0,0,0,0,0,4,23,0,0.4991288,49.91288,Dudosos
7,6,0,1,1,3,0,0,1,48,0,0,0,0,0,1,0,1684,0,2,22,0,0.30136853,30.136853000000002,Dudosos
7,6,0,1,1,2,0,0,1,49,1,0,0,0,0,0,0,2033,0,1,43,0,0.34412873,34.412873,Dudosos
9,6,1,2,1,0,3,1,1,6,0,0,0,0,1,2,0,1951,11076,6,38,0,0.3045137,30.45137,Dudosos
3,0,1,1,1,0,0,1,1,4,1,0,0,1,0,0,0,0,14285,8,53,0,0.31575543,31.575543,Dudosos
3,0,1,1,1,0,0,1,1,6,0,0,0,2,0,3,1,0,11725,8,40,0,0.4277762,42.77762,Dudosos
3,0,1,1,1,0,0,0,1,4,1,0,0,0,0,3,1,1223,35749,2,40,0,0.31253326,31.253325999999998,Dudosos
3,0,1,1,1,3,0,1,1,31,0,0,0,2,0,3,1,0,19685,8,60,0,0.39430445,39.430445,Dudosos
3,7,1,1,1,2,0,1,1,39,0,0,0,0,0,3,1,0,17938,8,48,0,0.46559158,46.559158000000004,Dudosos
3,0,0,2,1,0,0,1,1,49,0,0,0,2,1,0,0,5417,16011,4,38,0,0.36068505,36.068505,Dudosos
3,7,1,2,1,0,0,1,1,21,1,0,0,2,1,3,1,3170,10520,3,58,0,0.3032844,30.32844,Dudosos
3,5,0,1,1,3,0,1,1,49,0,0,0,2,1,0,0,2605,8249,3,38,0,0.31800795,31.800794999999997,Dudosos
3,7,1,1,1,3,0,1,1,31,1,0,0,2,1,1,0,3030,23202,1,53,0,0.31046444,31.046444,Dudosos
8,6,0,2,1,0,0,1,1,31,0,0,0,0,1,0,0,1829,14231,2,37,0,0.4396177,43.96177,Dudosos
8,6,0,2,1,2,0,0,1,47,1,0,0,0,1,0,0,4567,12318,1,48,0,0.40397978,40.397978,Dudosos
8,6,1,1,1,3,0,1,1,4,0,1,0,0,0,2,0,1141,13494,3,60,0,0.47507364,47.507364,Dudosos
8,6,1,1,0,2,0,1,1,8,1,0,0,0,1,3,1,2727,14658,3,50,0,0.4683634,46.83634,Dudosos
8,6,1,1,0,2,0,1,1,49,1,0,0,0,1,2,0,2727,18716,2,47,0,0.46378216,46.378216,Dudosos
8,6,0,2,1,3,0,1,1,21,0,0,0,0,1,0,0,1829,8262,1,52,0,0.3077032,30.77032,Dudosos
8,6,1,1,1,3,0,1,1,26,0,0,0,0,1,3,1,2743,30737,3,61,0,0.38524833,38.524833,Dudosos
8,6,1,1,1,0,2,0,1,47,0,0,0,0,1,1,0,1829,8549,2,48,0,0.33158106,33.158106,Dudosos
8,6,1,1,0,2,0,0,1,31,0,0,1,0,0,0,0,2574,0,1,37,0,0.37280306,37.280306,Dudosos
8,6,1,2,0,0,0,1,1,12,1,0,0,0,1,2,0,1829,29447,1,40,0,0.49945772,49.945772,Dudosos
1,0,1,1,1,0,3,1,1,32,1,0,0,2,0,2,0,4341,16089,6,40,0,0.39586353,39.586353,Dudosos
1,0,1,1,1,0,0,1,1,19,1,0,0,2,0,2,1,6515,18668,8,58,0,0.45627657,45.627657,Dudosos
1,0,0,1,1,3,0,1,2,27,0,0,0,0,0,1,1,0,0,5,48,0,0.37557638,37.557638,Dudosos
1,0,0,1,1,3,0,0,1,31,0,0,0,0,0,0,0,1829,13321,4,24,0,0.3361946,33.619460000000004,Dudosos
1,0,1,1,1,0,0,1,1,8,1,0,0,0,1,0,0,1588,8220,7,53,0,0.30849054,30.849054,Dudosos
1,0,1,1,1,0,0,0,1,8,1,0,0,0,1,0,1,1588,15440,7,44,0,0.36307386,36.307386,Dudosos
1,0,0,1,1,3,3,1,1,8,0,1,0,0,0,0,0,2134,11859,5,57,0,0.47410345,47.410345,Dudosos
1,0,0,1,1,1,3,0,1,18,0,0,0,0,1,0,0,2870,12626,4,48,0,0.35886806,35.886806,Dudosos
1,5,1,1,1,2,0,1,1,31,1,1,0,0,0,3,1,1868,15902,8,61,0,0.30762652,30.762652000000003,Dudosos
1,0,1,1,1,0,0,1,1,8,1,0,0,0,1,0,0,1871,11185,2,42,0,0.46071848,46.071847999999996,Dudosos
1,0,1,1,1,0,3,1,1,37,0,0,0,0,1,3,1,2808,25819,5,42,0,0.38745812,38.745812,Dudosos
1,0,0,1,1,0,0,0,1,31,0,1,0,0,0,0,0,2024,10212,6,30,0,0.4523702,45.23702,Dudosos
1,0,0,1,1,0,0,0,1,7,0,0,0,0,1,0,0,4092,12157,3,59,0,0.38625038,38.625038,Dudosos
1,0,1,1,1,1,0,1,1,8,1,0,0,3,1,0,0,4867,14190,2,39,0,0.38437453,38.437453,Dudosos
1,0,1,1,1,3,0,0,1,49,1,0,0,0,0,2,0,2510,0,2,37,0,0.42529133,42.529133,Dudosos
1,0,1,1,1,2,0,1,1,31,1,0,0,0,1,3,1,3226,19793,2,46,0,0.3986045,39.86045,Dudosos
1,0,1,1,0,0,0,1,1,28,0,0,0,0,1,2,0,3732,19560,2,52,0,0.30565107,30.565107,Dudosos
2,3,0,1,1,0,0,0,1,49,0,0,0,0,0,3,1,1932,8280,7,44,0,0.34560102,34.560102,Dudosos
2,3,1,1,1,0,0,1,1,29,0,0,0,0,0,3,1,3115,13479,7,53,0,0.45169574,45.169574000000004,Dudosos
2,3,1,1,1,0,0,0,1,8,1,0,0,0,0,1,0,2931,15960,4,45,0,0.35698727,35.698727000000005,Dudosos
2,3,1,1,1,2,0,1,1,8,0,0,0,0,1,3,1,3667,12967,7,43,0,0.36232838,36.232838,Dudosos
0,0,1,0,1,1,2,0,1,26,0,0,0,1,0,1,0,2934,5035,7,61,0,0.3966808,39.66808,Dudosos
0,0,1,0,1,0,0,1,1,8,0,0,0,0,1,0,0,638,12730,5,43,0,0.44617236,44.617236,Dudosos
0,0,0,0,1,0,3,1,1,47,0,0,0,0,1,3,1,1595,9292,6,49,0,0.3721298,37.21298,Dudosos
0,0,1,0,1,0,0,0,1,26,0,1,0,0,0,0,0,2891,14670,7,52,0,0.4299016,42.99016,Dudosos
0,0,1,0,1,0,0,1,2,19,0,0,0,0,1,0,0,1656,17584,9,41,0,0.33605137,33.605137,Dudosos
0,0,0,0,1,0,3,0,1,42,0,0,0,0,1,0,0,1351,7825,5,47,0,0.37411764,37.411764,Dudosos
0,0,0,0,1,1,0,1,1,39,0,0,0,0,0,0,0,2536,4703,3,57,0,0.32155815,32.155815,Dudosos
9,6,1,2,1,0,0,1,1,8,1,1,0,0,0,2,1,732,9503,7,55,0,0.34213778,34.213778,Dudosos
9,6,1,2,1,2,0,1,1,32,0,0,0,1,0,3,1,2570,18826,3,47,0,0.46620533,46.620532999999995,Dudosos
9,6,1,2,1,2,0,1,1,27,0,0,0,3,0,3,1,2774,0,3,67,0,0.4604078,46.04078,Dudosos
3,5,1,1,1,0,0,1,1,8,1,0,0,2,0,3,1,3391,21994,5,24,0,0.30139092,30.139092,Dudosos
3,0,0,1,1,0,0,1,1,35,0,0,0,2,1,0,0,2024,10777,4,38,0,0.4831356,48.31356,Dudosos
3,0,1,2,1,0,1,1,1,31,1,0,0,2,1,3,1,6508,21357,7,56,0,0.42211106,42.211106,Dudosos
3,0,1,1,1,0,0,1,1,11,1,0,0,2,0,1,1,1525,22542,4,55,0,0.38185072,38.185072,Dudosos
3,0,1,2,1,0,0,1,1,16,1,0,0,2,1,3,1,2475,21398,4,62,0,0.42199868,42.199868,Dudosos
3,5,0,1,1,2,0,1,1,31,1,0,0,2,1,0,1,5402,16063,2,51,0,0.36696804,36.696804,Dudosos
8,6,0,2,1,0,0,1,1,31,0,1,0,0,0,3,1,0,9246,3,47,0,0.4944449,49.44449,Dudosos
8,6,0,2,1,0,0,0,1,29,1,0,0,0,1,0,1,1098,14308,2,51,0,0.44814175,44.814175,Dudosos
8,6,0,2,1,3,0,0,1,44,0,1,0,0,1,0,0,1829,15637,2,47,0,0.47431907,47.431907,Dudosos
8,6,0,2,1,2,0,1,1,8,1,0,0,0,1,0,0,1829,7156,2,46,0,0.3426285,34.26285,Dudosos
8,6,1,1,1,2,0,1,1,8,1,0,0,0,1,3,1,2988,14639,3,59,0,0.30897468,30.897468,Dudosos
8,6,1,1,1,0,0,1,1,31,0,0,0,0,1,3,1,1903,16955,2,61,0,0.36998367,36.998367,Dudosos
8,6,1,1,1,0,0,0,1,32,0,1,0,0,1,3,1,1903,22768,1,57,0,0.43148458,43.148458,Dudosos
8,6,1,1,0,3,0,0,1,4,0,0,0,0,1,2,0,1829,10913,1,54,0,0.40780112,40.780112,Dudosos
8,6,1,2,0,3,0,1,1,26,1,0,0,0,1,0,0,1829,11583,2,59,0,0.3664392,36.64392,Dudosos
1,0,1,1,1,0,0,1,1,34,1,0,0,0,0,3,1,3207,18560,9,41,0,0.32269067,32.269067,Dudosos
1,0,0,1,1,0,3,1,1,42,1,0,0,0,1,0,0,3023,11846,4,39,0,0.3783404,37.83404,Dudosos
1,0,1,1,1,0,0,1,1,51,1,0,0,0,1,0,0,2028,8332,3,54,0,0.31306535,31.306535000000004,Dudosos
1,0,0,1,1,3,0,1,1,44,1,1,0,0,0,0,0,2134,5525,7,61,0,0.4062271,40.62271,Dudosos
1,5,0,1,0,0,3,1,1,19,0,0,0,0,0,1,0,2398,2383,4,67,0,0.48938507,48.938507,Dudosos
1,5,1,1,1,0,0,0,1,39,0,0,0,0,0,0,0,4554,26577,4,46,0,0.49599084,49.599084,Dudosos
1,0,0,1,0,0,0,1,1,31,0,0,0,2,0,3,1,2197,5789,5,47,0,0.4432778,44.32778,Dudosos
1,0,1,1,1,3,3,1,1,21,1,0,0,0,0,1,0,4683,0,4,60,0,0.33053815,33.053815,Dudosos
1,0,0,2,1,0,0,1,1,11,1,0,0,2,1,0,1,2448,10882,3,42,0,0.31206405,31.206404999999997,Dudosos
1,0,0,1,1,0,0,1,1,48,0,1,0,0,0,0,0,2699,15318,4,56,0,0.30951267,30.951266999999998,Dudosos
1,0,0,1,1,0,0,1,1,31,0,0,0,0,1,0,0,1750,17153,2,60,0,0.45905492,45.905491999999995,Dudosos
2,3,0,1,1,2,0,1,0,42,0,0,0,0,0,3,1,4441,15675,7,58,0,0.37547532,37.547532,Dudosos
2,3,0,1,1,0,0,1,1,42,0,0,0,0,0,1,0,2484,8758,7,46,0,0.37884662,37.884662000000006,Dudosos
2,3,0,1,1,0,0,0,1,31,0,0,0,2,0,0,0,4441,17467,8,48,0,0.41367346,41.367346,Dudosos
2,3,1,1,1,0,0,1,1,8,1,0,0,0,0,3,1,2716,13601,6,41,0,0.38104558,38.104558,Dudosos
2,3,1,1,1,0,0,1,1,47,0,0,0,0,0,2,0,2392,9561,8,42,0,0.32388586,32.388586000000004,Dudosos
2,3,1,1,1,0,0,1,1,21,0,0,0,0,0,0,0,3415,16814,6,43,0,0.40037015,40.037015,Dudosos
2,3,1,1,1,0,0,1,1,20,0,0,0,0,1,0,0,5049,29574,2,57,0,0.32180583,32.180583,Dudosos
0,0,0,0,1,0,3,0,1,7,1,0,0,1,1,1,0,2208,7551,7,49,0,0.3097552,30.97552,Dudosos
0,0,0,0,1,3,0,1,1,31,0,0,0,0,1,3,1,512,20044,9,54,0,0.44245794,44.245794,Dudosos
0,0,1,0,1,0,0,1,1,18,1,0,0,0,1,0,0,2752,9044,4,55,0,0.33806247,33.806247,Dudosos
0,0,0,0,1,3,0,0,1,8,0,0,0,0,0,3,1,613,7898,7,43,0,0.40912592,40.912592,Dudosos
0,0,1,0,1,1,0,0,1,47,0,0,0,0,0,0,0,1277,10580,8,44,0,0.39779195,39.779195,Dudosos
0,0,0,0,1,0,0,0,1,8,0,0,0,0,1,2,0,841,7745,6,41,0,0.41632462,41.632462,Dudosos
0,0,0,0,1,0,0,0,1,49,0,0,0,0,1,0,0,1834,11004,4,59,0,0.35358465,35.358465,Dudosos
0,0,0,0,1,0,0,1,1,8,0,0,0,0,0,0,0,552,8460,7,41,0,0.45630416,45.630416000000004,Dudosos
0,0,0,0,0,0,0,0,1,8,1,0,0,0,1,0,0,1581,9403,4,62,0,0.31878912,31.878912,Dudosos
7,6,0,1,1,0,0,0,1,31,0,0,0,0,0,0,0,1317,0,1,39,0,0.41687992,41.687992,Dudosos
9,6,1,2,1,0,0,0,1,38,1,0,0,0,1,2,0,811,16071,5,49,0,0.44375777,44.375777,Dudosos
9,6,1,2,1,0,0,1,1,47,0,0,0,0,0,3,1,0,35707,8,57,0,0.42647058,42.647058,Dudosos
9,6,1,2,1,0,0,1,1,34,0,0,0,0,0,3,1,0,10544,4,57,0,0.340888,34.0888,Dudosos
3,5,1,1,1,0,0,1,1,0,0,0,0,2,0,3,1,2839,15727,8,46,0,0.31551945,31.551944999999996,Dudosos
3,0,0,1,1,0,0,1,1,49,0,0,0,2,0,0,0,2690,29147,6,46,0,0.42992094,42.992093999999994,Dudosos
3,0,0,1,1,0,3,0,1,2,0,0,0,1,1,0,0,3025,11443,7,52,0,0.39052665,39.052665,Dudosos
3,0,1,2,1,0,0,1,1,11,0,0,0,2,1,3,1,5404,16972,4,58,0,0.48832837,48.832837,Dudosos
3,0,1,1,1,0,0,1,1,31,0,0,0,2,0,2,1,578,26463,4,45,0,0.4746496,47.46496,Dudosos
3,0,0,1,1,3,0,1,1,31,0,1,0,2,0,0,1,3660,10203,4,49,0,0.30474654,30.474654,Dudosos
3,0,1,1,1,1,0,1,1,8,1,0,0,2,1,3,1,4497,4841,5,38,0,0.47978774,47.978774,Dudosos
3,5,1,1,1,2,0,1,1,35,1,0,1,3,0,1,0,8600,0,2,21,0,0.33663604,33.663604,Dudosos
3,7,1,1,1,3,0,1,1,49,0,1,0,2,1,3,1,2708,16491,2,43,0,0.3746562,37.46562,Dudosos
3,7,1,1,1,2,0,1,1,31,1,0,0,2,1,0,0,5448,19759,2,44,0,0.44068262,44.068262000000004,Dudosos
8,6,0,2,1,0,0,1,1,31,0,0,0,0,1,0,0,1829,11603,2,46,0,0.4745381,47.453810000000004,Dudosos
8,6,1,1,1,3,0,1,1,31,0,0,0,0,1,3,1,2854,30302,4,55,0,0.49283063,49.283063,Dudosos
8,6,1,1,1,0,0,0,1,31,0,1,0,0,1,3,1,1903,25954,2,54,0,0.30564293,30.564293,Dudosos
8,6,1,1,1,0,0,1,1,31,0,0,0,0,1,0,1,1903,18375,2,45,0,0.35548565,35.548564999999996,Dudosos
8,6,1,1,0,3,0,1,1,31,0,0,0,0,1,3,1,1829,13059,1,38,0,0.42007792,42.007792,Dudosos
8,6,0,2,1,0,0,1,1,31,0,0,0,0,0,0,0,1829,0,1,22,0,0.37585336,37.585336000000005,Dudosos
8,6,1,1,1,2,0,1,1,31,1,0,0,0,1,0,1,2727,25495,1,37,0,0.46751392,46.751392,Dudosos
8,6,1,2,0,2,0,0,1,27,1,0,0,0,1,2,0,2915,15067,3,46,0,0.48478708,48.478708,Dudosos
8,6,1,2,0,2,0,1,0,8,1,0,0,0,1,1,1,2727,14820,1,57,0,0.3561205,35.61205,Dudosos
4,1,0,1,1,3,0,1,1,27,1,0,0,2,0,2,1,1257,0,4,49,0,0.3698696,36.98696,Dudosos
1,0,0,1,1,0,0,0,1,8,1,0,0,0,0,0,1,3575,15107,5,54,0,0.31670773,31.670773,Dudosos
1,5,1,1,1,0,0,1,1,25,0,0,0,0,0,0,0,1713,17249,5,45,0,0.37233177,37.233177,Dudosos
1,5,0,1,1,3,0,1,1,27,0,0,0,0,0,0,0,1684,14935,5,58,0,0.34064728,34.064728,Dudosos
1,0,1,1,1,2,3,0,1,8,0,1,0,0,0,0,1,2359,17001,6,48,0,0.3809148,38.09148,Dudosos
1,0,0,1,1,0,0,1,2,31,0,1,0,2,0,0,0,2288,15417,6,38,0,0.4827798,48.27798,Dudosos
1,5,1,1,1,0,3,1,1,31,0,1,0,0,0,3,1,2808,28518,4,41,0,0.37510586,37.510586,Dudosos
1,0,0,1,1,2,2,1,0,2,1,0,0,2,1,0,0,4804,9076,4,55,0,0.49913177,49.913177,Dudosos
1,5,0,1,1,3,0,1,2,32,0,1,0,1,1,0,0,3513,14411,3,39,0,0.37954438,37.954438,Dudosos
1,0,1,1,1,3,0,0,1,32,0,0,0,0,1,0,0,4867,29141,4,42,0,0.39111713,39.111712999999995,Dudosos
1,0,0,1,1,2,3,0,1,31,1,0,0,0,1,0,0,2464,16544,2,44,0,0.41093045,41.093045000000004,Dudosos
1,0,1,1,1,2,0,1,1,44,1,0,0,0,1,0,0,3452,17103,2,62,0,0.36355644,36.355644,Dudosos
2,3,1,1,1,0,3,1,1,31,0,0,0,0,0,3,1,1472,13235,4,46,0,0.49548626,49.548626,Dudosos
2,3,0,1,1,0,0,1,1,31,0,1,0,0,0,3,1,1800,12233,2,45,0,0.3688686,36.88686,Dudosos
0,0,0,0,1,0,3,0,0,8,0,0,0,0,0,0,0,0,0,5,21,0,0.38236818,38.236818,Dudosos
0,0,0,0,1,0,3,1,2,31,1,0,0,0,1,0,0,2800,8208,7,42,0,0.37078395,37.078395,Dudosos
0,0,0,0,1,0,3,0,1,31,0,0,0,0,1,3,1,368,10268,7,47,0,0.30288407,30.288407,Dudosos
0,0,0,0,1,0,0,1,2,2,0,0,0,0,0,0,0,512,3728,8,56,0,0.30305395,30.305395,Dudosos
7,6,1,1,1,2,0,1,1,8,0,0,1,0,0,0,1,1949,0,1,21,0,0.39353088,39.353088,Dudosos
9,6,1,2,1,0,0,1,1,32,0,1,0,0,0,3,1,2217,10178,2,55,0,0.37119663,37.119663,Dudosos
9,6,1,2,1,0,0,0,1,31,0,0,0,0,0,3,1,1297,13150,5,55,0,0.42775372,42.775372,Dudosos
3,5,1,1,1,0,3,1,2,37,0,0,0,2,0,3,1,0,18653,7,38,0,0.4486425,44.86425,Dudosos
3,0,0,1,1,0,3,1,1,31,0,0,0,2,1,0,0,1903,12156,4,34,0,0.40693694,40.693694,Dudosos
3,0,0,1,1,0,0,1,1,8,1,0,0,2,0,0,0,2534,12121,6,48,0,0.34050164,34.050164,Dudosos
3,0,1,2,1,0,0,1,1,49,0,0,0,2,0,1,1,1525,13679,6,48,0,0.40507093,40.507093,Dudosos
3,0,1,1,1,3,3,1,1,13,0,0,0,2,0,3,1,2035,26596,5,48,0,0.34566396,34.566396,Dudosos
3,0,1,1,1,0,0,1,1,31,0,0,0,2,1,3,1,0,6240,7,54,0,0.3782583,37.825829999999996,Dudosos
3,0,1,1,1,0,0,1,1,4,0,0,0,2,0,3,1,0,11472,7,51,0,0.32851157,32.851157,Dudosos
3,0,1,2,1,0,3,1,2,24,0,0,0,2,1,2,0,2475,18345,6,62,0,0.41679922,41.679922000000005,Dudosos
8,6,1,1,1,3,1,1,2,8,0,0,0,0,0,2,0,0,16272,2,46,0,0.39933187,39.933187,Dudosos
8,6,1,1,1,0,0,1,1,31,0,0,0,0,1,2,0,1141,24331,2,58,0,0.37840515,37.840515,Dudosos
8,6,1,1,1,2,0,1,1,31,1,0,0,0,1,2,0,2988,22129,2,43,0,0.38487586,38.487586,Dudosos
8,6,1,1,1,0,0,1,1,8,1,0,0,0,1,3,1,1903,9690,2,42,0,0.39989614,39.989614,Dudosos
8,6,1,1,1,2,0,1,1,26,1,0,0,0,1,2,0,2799,20551,2,45,0,0.39742702,39.742702,Dudosos
8,6,1,1,1,2,0,1,1,36,1,0,0,0,1,0,1,2799,18524,2,57,0,0.3979683,39.79683,Dudosos
8,6,1,1,1,2,0,1,1,13,1,0,0,0,1,0,0,2799,9061,1,42,0,0.3403766,34.037659999999995,Dudosos
8,6,1,1,1,3,0,1,1,51,1,0,0,0,1,0,0,1903,7327,1,51,0,0.37827063,37.827063,Dudosos
8,6,1,1,1,0,0,1,1,8,0,0,0,0,1,0,0,1903,11990,2,70,0,0.48639685,48.639685,Dudosos
8,6,1,1,1,2,0,1,1,13,0,0,1,0,0,0,0,2648,0,2,39,0,0.30346498,30.346498,Dudosos
8,6,1,1,1,0,0,1,1,44,1,1,0,0,1,2,1,751,23477,4,44,0,0.42464784,42.464784,Dudosos
8,6,1,2,0,0,0,1,1,25,0,0,0,0,1,3,1,1829,19039,2,41,0,0.4183747,41.837469999999996,Dudosos
1,0,0,1,1,0,2,0,1,8,1,0,0,0,0,0,0,2478,10210,8,46,0,0.47255734,47.255734,Dudosos
1,0,0,1,1,3,0,1,1,8,0,0,0,0,0,3,1,2202,18981,7,53,0,0.31884181,31.884181,Dudosos
1,5,1,1,1,0,0,1,1,11,0,0,0,0,1,1,0,1588,8170,7,40,0,0.30489966,30.489966000000003,Dudosos
1,5,1,1,1,3,2,0,1,16,0,0,0,3,0,2,0,3522,12928,7,49,0,0.42417017,42.417017,Dudosos
1,0,1,1,1,0,3,0,1,26,1,0,0,0,0,0,0,2107,17305,4,58,0,0.48386407,48.386407,Dudosos
1,0,0,1,1,1,2,1,1,22,0,0,0,0,0,0,0,3809,9915,3,56,0,0.46605843,46.605843,Dudosos
1,0,0,1,1,0,0,1,1,44,0,0,0,0,0,0,0,1814,15950,8,43,0,0.43113387,43.113386999999996,Dudosos
1,0,0,1,1,0,3,1,1,49,0,0,0,2,0,1,0,3905,8979,6,39,0,0.47664678,47.664678,Dudosos
1,0,0,1,1,0,3,0,2,25,0,0,0,2,1,0,0,2514,5743,4,61,0,0.45874158,45.874158,Dudosos
1,0,1,1,1,2,0,0,1,31,0,0,0,0,1,3,1,5732,21801,2,47,0,0.30217746,30.217746,Dudosos
1,0,0,1,1,0,0,1,1,31,0,0,0,0,1,0,1,1750,15985,2,43,0,0.3222406,32.22406,Dudosos
1,0,1,1,0,2,0,0,0,27,1,0,0,0,1,2,0,4447,5963,1,55,0,0.3635739,36.35739,Dudosos
2,3,0,1,1,0,0,1,1,0,0,0,0,0,0,0,0,5704,21606,7,45,0,0.4060697,40.60697,Dudosos
2,3,1,1,1,0,0,0,1,35,0,0,0,2,0,0,1,5995,8624,3,62,0,0.3782369,37.82369,Dudosos
2,3,1,1,1,1,0,0,1,31,0,1,0,0,0,3,1,3014,17914,4,39,0,0.37867862,37.867862,Dudosos
0,0,1,0,1,3,0,1,1,42,0,0,0,0,1,0,0,2536,19945,7,49,0,0.43203524,43.203524,Dudosos
0,0,1,0,1,0,3,0,1,49,0,1,0,0,0,3,1,953,16806,3,51,0,0.3520357,35.20357,Dudosos
0,0,0,0,1,2,0,1,1,34,0,0,0,0,0,3,1,859,14708,5,53,0,0.38780713,38.780713,Dudosos
7,6,0,1,1,0,0,0,1,25,0,0,0,0,0,0,0,1317,0,1,65,0,0.4831395,48.31395,Dudosos
9,6,1,2,1,0,0,1,1,8,1,0,0,0,0,1,1,732,15477,5,60,0,0.38165346,38.165346,Dudosos
9,6,1,2,1,0,0,1,1,4,0,1,0,0,0,3,1,0,19344,4,46,0,0.41926387,41.926387,Dudosos
3,0,0,1,1,0,0,1,1,18,0,0,0,2,1,0,0,2195,11808,4,48,0,0.35579485,35.579485,Dudosos
3,0,1,1,1,0,0,1,1,35,1,0,0,2,1,2,0,1525,15142,8,40,0,0.39521956,39.521956,Dudosos
3,7,1,2,1,0,3,1,1,38,1,1,0,2,0,3,1,1592,20185,7,62,0,0.41442537,41.442537,Dudosos
3,0,1,1,1,0,3,0,1,47,0,0,0,2,1,2,1,4970,18116,4,48,0,0.45126042,45.126042,Dudosos
3,5,1,2,0,2,3,0,1,44,0,0,0,2,1,2,0,3647,14709,2,47,0,0.35104027,35.104027,Dudosos
3,5,0,1,1,2,0,1,1,34,1,0,0,2,1,0,0,4922,3922,2,51,0,0.46423718,46.423718,Dudosos
8,6,1,1,1,2,0,1,1,8,1,0,0,0,1,2,0,2799,11988,2,44,0,0.4392673,43.926730000000006,Dudosos
8,6,1,1,1,0,0,1,1,31,0,0,0,0,1,0,0,1903,12895,2,59,0,0.3307502,33.07502,Dudosos
8,6,1,1,1,3,0,0,1,44,1,0,0,0,0,0,0,1903,0,2,29,0,0.41786543,41.786542999999995,Dudosos
8,6,0,2,1,2,0,1,1,8,0,0,1,0,0,0,0,2574,0,1,36,0,0.49869734,49.869734,Dudosos
8,6,0,2,0,2,0,1,1,31,0,0,0,0,1,3,1,2915,18653,3,54,0,0.41670108,41.670108,Dudosos
1,0,1,1,1,0,0,0,1,26,1,0,0,1,1,2,1,4295,21348,9,52,0,0.34704563,34.704563,Dudosos
1,0,1,1,1,0,0,1,1,4,0,0,0,0,1,3,1,3115,8467,4,39,0,0.43408665,43.408665,Dudosos
1,0,0,1,1,0,0,0,1,8,0,0,0,0,0,0,0,2662,0,5,54,0,0.39371333,39.371333,Dudosos
1,0,0,1,1,2,3,1,1,26,1,0,0,0,0,0,0,2473,13206,9,49,0,0.33400613,33.400613,Dudosos
1,5,1,1,1,0,1,0,1,26,0,0,0,0,1,0,0,3422,13975,5,56,0,0.33903876,33.903876,Dudosos
1,0,1,1,1,0,0,0,1,46,0,0,0,0,0,0,0,1064,10688,5,41,0,0.41580656,41.580656,Dudosos
1,0,1,1,1,0,0,1,1,8,0,0,0,0,1,0,0,3557,22556,3,58,0,0.3321388,33.21388,Dudosos
1,0,0,1,1,3,0,0,1,47,0,0,0,1,1,0,0,2677,3583,4,38,0,0.47132772,47.132772,Dudosos
1,0,1,1,1,2,0,1,1,38,1,0,0,4,1,3,1,5215,17635,2,60,0,0.33908346,33.908346,Dudosos
2,3,0,1,1,0,0,1,1,21,1,0,0,0,1,2,0,2874,10007,6,56,0,0.3765789,37.65789,Dudosos
2,3,0,1,1,0,0,0,1,31,0,0,0,0,0,2,0,2593,17094,9,44,0,0.43675306,43.675306000000006,Dudosos
2,3,1,1,1,2,0,0,1,26,0,0,0,0,0,1,1,1838,17255,5,48,0,0.47648522,47.648522,Dudosos
2,3,1,1,1,0,3,1,1,20,0,0,0,0,0,3,1,2846,19430,7,60,0,0.32417667,32.417667,Dudosos
2,3,1,1,1,0,3,1,1,31,0,0,0,0,1,0,0,2990,16048,8,56,0,0.36598316,36.598316,Dudosos
2,3,1,1,1,0,0,0,1,51,1,1,0,0,1,0,1,1800,24439,2,38,0,0.30975547,30.975547,Dudosos
0,0,0,0,1,0,0,1,1,8,1,0,0,0,1,0,0,0,13092,4,44,0,0.31377694,31.377694,Dudosos
0,0,0,0,1,3,0,1,1,42,1,0,0,2,1,3,1,1587,2148,7,48,0,0.35878822,35.878822,Dudosos
0,0,0,0,1,3,0,0,1,49,0,0,0,0,1,0,0,1233,8556,4,58,0,0.4000854,40.008539999999996,Dudosos
0,0,0,0,1,0,0,0,1,8,0,0,0,0,0,0,0,1233,0,4,23,0,0.44885865,44.885865,Dudosos
9,6,1,2,1,0,0,1,1,20,0,0,0,0,0,2,0,0,9421,7,52,0,0.30441788,30.441788,Dudosos
9,6,1,2,1,0,0,0,1,21,0,1,0,0,0,2,1,810,12258,7,48,0,0.37185153,37.185153,Dudosos
9,6,1,2,1,0,0,1,1,46,0,0,0,2,1,3,1,889,10759,5,39,0,0.39811584,39.811583999999996,Dudosos
9,6,1,2,1,0,0,1,1,31,0,1,0,2,0,2,0,3044,18868,6,59,0,0.3038922,30.38922,Dudosos
9,6,1,2,1,1,3,1,1,31,0,0,0,0,0,3,1,0,15087,4,55,0,0.47466806,47.466806,Dudosos
3,0,0,1,1,0,0,1,1,26,0,0,0,1,1,0,0,3759,12542,5,39,0,0.40938935,40.938935,Dudosos
3,0,1,1,1,0,0,0,1,37,0,0,0,2,0,3,1,0,18270,9,52,0,0.41453287,41.453287,Dudosos
3,0,0,1,1,0,0,1,1,21,0,0,0,2,0,0,0,2506,11010,3,49,0,0.34444767,34.444767,Dudosos
3,7,1,2,1,0,0,1,1,46,0,1,0,1,0,3,1,6572,15673,7,48,0,0.3227606,32.27606,Dudosos
3,0,1,1,1,0,0,1,1,47,0,1,0,2,0,2,1,0,12467,4,39,0,0.42752865,42.752865,Dudosos
3,5,1,2,1,2,3,1,1,32,1,0,0,2,1,2,0,5080,26006,2,37,0,0.46012112,46.012112,Dudosos
8,6,0,2,1,3,3,1,1,18,0,1,0,0,1,0,0,1829,10684,1,61,0,0.41707218,41.707218000000005,Dudosos
8,6,1,1,1,0,1,1,1,8,0,0,0,0,1,3,1,1141,9660,4,50,0,0.3269746,32.69746,Dudosos
8,6,1,1,1,2,0,1,1,8,1,1,0,0,1,1,0,2988,11194,2,57,0,0.37853226,37.853226,Dudosos
8,6,1,1,1,2,0,0,1,31,1,0,0,0,1,0,0,2799,17157,1,43,0,0.34703702,34.703702,Dudosos
8,6,1,1,1,0,0,0,1,31,0,0,0,0,1,0,0,1903,16031,2,51,0,0.443743,44.3743,Dudosos
8,6,1,1,1,0,0,1,1,31,0,0,0,0,1,0,0,1903,14553,2,48,0,0.48580602,48.580602,Dudosos
8,6,1,1,0,0,0,1,1,31,1,0,0,0,1,2,1,3571,22952,2,62,0,0.34374323,34.374323000000004,Dudosos
8,6,0,2,1,2,3,1,1,0,1,0,1,0,1,2,0,1829,11931,2,48,0,0.45720026,45.720026000000004,Dudosos
8,6,1,2,0,1,0,1,1,8,0,1,0,0,0,2,0,0,16305,4,37,0,0.37423712,37.423711999999995,Dudosos
8,6,0,2,0,2,2,1,1,8,0,0,1,0,0,0,0,2504,0,2,42,0,0.3760855,37.60855,Dudosos
10,6,0,2,0,0,0,1,1,31,0,0,0,0,1,0,0,0,28960,1,40,0,0.44576827,44.576827,Dudosos
1,0,0,1,1,0,3,1,1,32,0,0,0,0,1,3,1,2329,8348,8,48,0,0.37589878,37.589878,Dudosos
1,5,1,1,1,0,0,1,1,46,0,0,0,0,0,3,1,1233,17326,4,45,0,0.46724612,46.724612,Dudosos
1,5,1,1,1,0,0,1,1,31,1,1,0,2,1,0,0,5178,22768,4,44,0,0.34412777,34.412777,Dudosos
1,5,0,1,1,0,0,1,1,8,0,0,0,0,0,0,1,2261,5842,8,38,0,0.40896362,40.896362,Dudosos
1,5,0,1,1,3,0,1,1,49,0,0,0,0,0,0,0,2718,10798,7,52,0,0.36064672,36.064671999999995,Dudosos
1,5,0,1,1,0,0,1,1,2,0,0,0,0,1,0,0,3496,9709,4,44,0,0.38242364,38.242364,Dudosos
1,0,1,1,1,0,0,1,1,31,0,0,0,0,0,0,0,2324,0,8,68,0,0.48286423,48.286423,Dudosos
1,0,1,1,1,1,3,0,1,8,0,0,0,0,0,0,0,3790,14722,3,61,0,0.4789372,47.89372,Dudosos
1,0,1,1,1,2,3,0,1,8,0,1,0,3,0,0,1,4447,12118,6,33,0,0.47322404,47.322404,Dudosos
1,0,0,1,1,3,0,1,1,39,0,0,0,0,0,2,0,1233,0,4,67,0,0.30478165,30.478165,Dudosos
1,0,0,1,1,3,0,1,1,4,0,0,0,0,0,0,0,1525,10862,7,61,0,0.42446816,42.446816,Dudosos
1,0,0,1,1,0,0,0,1,27,0,0,0,2,0,0,0,4376,0,6,43,0,0.45789194,45.789194,Dudosos
1,0,0,1,1,0,0,0,1,47,0,0,0,0,0,0,0,3308,8947,2,44,0,0.40372533,40.372533,Dudosos
1,5,1,1,1,0,0,0,1,8,0,0,0,0,0,3,1,3349,12877,7,59,0,0.3976475,39.76475,Dudosos
1,5,1,1,1,0,0,0,1,31,0,1,0,0,0,2,0,2808,27503,4,52,0,0.45224857,45.224857,Dudosos
1,0,1,1,1,0,0,1,1,31,0,0,0,0,0,3,1,3116,26033,5,46,0,0.41480458,41.480458,Dudosos
1,0,0,2,1,0,0,0,1,31,1,1,0,0,1,0,0,1124,4563,2,52,0,0.44180533,44.180533,Dudosos
1,5,0,1,1,2,0,0,1,12,1,0,0,0,1,0,0,2464,16516,2,46,0,0.47829765,47.829765,Dudosos
1,5,1,1,1,2,0,1,1,26,1,0,0,0,1,3,1,3226,21968,3,56,0,0.44283333,44.283333,Dudosos
1,0,1,1,1,2,0,1,1,47,1,0,0,0,0,0,0,3594,0,2,46,0,0.35205463,35.205462999999995,Dudosos
2,3,1,1,1,0,0,1,1,44,1,0,0,0,1,0,1,2896,27696,7,60,0,0.42019296,42.019296,Dudosos
2,3,1,1,1,0,0,1,1,31,0,0,0,0,0,3,1,2098,17938,4,50,0,0.41580772,41.580771999999996,Dudosos
2,3,0,1,1,0,0,0,1,8,0,0,0,0,1,0,0,4390,20676,4,48,0,0.37349704,37.349704,Dudosos
2,3,1,1,1,0,0,1,1,8,1,0,0,0,1,2,0,2946,22248,4,52,0,0.4049362,40.49362,Dudosos
2,3,1,1,1,0,0,1,1,8,1,0,0,0,1,2,0,5268,24858,2,50,0,0.31017277,31.017277,Dudosos
0,0,0,0,1,0,1,0,1,28,0,0,0,0,0,0,0,408,11249,9,41,0,0.30541873,30.541873000000002,Dudosos
0,0,0,0,1,0,0,0,1,7,1,0,0,0,1,0,0,2153,4747,7,45,0,0.47234717,47.234716999999996,Dudosos
0,0,0,0,1,0,3,0,1,35,1,0,0,0,0,3,1,1395,14764,7,49,0,0.4224534,42.24534,Dudosos
0,0,1,0,1,0,0,0,1,18,0,0,0,0,0,0,0,1233,13438,4,43,0,0.42277315,42.277315,Dudosos
0,0,0,0,1,0,3,0,1,22,0,0,0,0,1,0,0,2110,1707,7,46,0,0.47030193,47.030193,Dudosos
0,0,0,0,1,0,0,0,0,8,0,0,0,0,1,0,0,3559,6864,3,39,0,0.31983918,31.983918,Dudosos
7,6,0,1,0,0,0,1,1,8,0,0,0,0,0,0,0,1317,0,1,40,0,0.38291124,38.291123999999996,Dudosos
9,6,0,2,1,0,0,1,1,8,0,0,0,4,1,0,0,2313,17859,4,56,0,0.40238413,40.238413,Dudosos
9,6,1,2,1,0,0,1,1,38,1,1,0,0,0,3,1,1380,14459,4,47,0,0.3384058,33.840579999999996,Dudosos
3,0,0,1,1,0,0,1,1,4,1,0,0,2,1,3,1,0,10111,5,46,0,0.3949985,39.499849999999995,Dudosos
3,0,1,2,1,3,0,1,1,31,0,1,0,2,0,3,1,3097,20021,7,46,0,0.3180473,31.80473,Dudosos
3,0,1,1,1,0,0,1,1,31,0,0,0,2,0,2,1,0,19954,7,54,0,0.46651605,46.651605,Dudosos
3,0,1,1,1,0,0,1,1,24,1,0,0,2,1,3,1,0,11039,7,53,0,0.33373442,33.373442,Dudosos
3,5,0,1,1,2,1,1,1,26,0,0,0,1,1,3,1,6365,23436,2,54,0,0.30507675,30.507675,Dudosos
8,6,0,2,1,0,0,0,1,8,1,0,0,0,1,0,0,3669,9005,2,62,0,0.4889781,48.89781,Dudosos
8,6,0,2,1,2,1,1,1,18,1,0,0,0,1,0,0,2727,18238,1,47,0,0.34836257,34.836256999999996,Dudosos
8,6,1,1,1,0,0,1,1,4,0,1,0,0,0,2,1,828,10096,4,46,0,0.315223,31.522299999999998,Dudosos
8,6,1,1,1,0,0,1,1,31,1,0,0,0,1,0,0,1903,7150,2,56,0,0.4748948,47.48948,Dudosos
8,6,1,1,1,2,0,1,1,51,1,0,0,0,1,3,1,2799,12639,2,38,0,0.40461063,40.461063,Dudosos
8,6,1,1,1,2,0,1,1,31,1,0,0,0,1,3,1,2799,20289,2,62,0,0.46600887,46.600887,Dudosos
8,6,1,1,1,2,0,0,1,8,1,0,0,0,1,3,1,5026,34388,2,58,0,0.32447305,32.447305,Dudosos
8,6,1,1,1,2,1,1,2,13,1,0,0,0,1,0,0,2799,27350,2,43,0,0.46798193,46.798193,Dudosos
8,6,1,1,1,3,0,1,1,30,0,0,0,0,1,0,0,1903,19199,1,40,0,0.41867194,41.867194000000005,Dudosos
8,6,1,1,1,0,0,0,1,2,0,0,0,2,0,3,1,2578,0,2,50,0,0.37305102,37.305102,Dudosos
8,6,1,1,1,2,0,1,1,8,1,0,0,0,0,0,0,2799,0,1,38,0,0.47138473,47.138473,Dudosos
8,6,0,2,1,3,0,1,1,3,0,0,0,0,1,0,0,2125,22035,1,52,0,0.48036098,48.036098,Dudosos
8,6,0,2,1,0,0,0,1,8,0,0,0,0,1,0,0,1903,12248,2,38,0,0.45748082,45.748082000000004,Dudosos
8,6,0,2,1,0,0,1,1,8,0,0,0,0,1,0,1,1829,27573,2,37,0,0.38080308,38.080308,Dudosos
8,6,0,2,1,0,0,1,1,31,0,0,0,0,0,0,0,1829,0,1,35,0,0.4231769,42.31769,Dudosos
8,6,1,1,1,2,0,1,2,36,1,0,0,0,1,0,0,4567,10853,1,42,0,0.38732803,38.732803,Dudosos
8,6,1,1,1,1,0,1,1,8,0,0,0,0,1,3,1,1829,17431,2,59,0,0.31309983,31.309983000000003,Dudosos
8,6,1,1,1,2,0,0,1,8,1,0,0,0,0,2,0,2727,0,2,48,0,0.4992533,49.92533,Dudosos
8,6,1,2,0,0,0,1,1,31,0,1,0,0,0,3,1,751,21374,3,39,0,0.4138306,41.38306,Dudosos
8,6,1,2,0,0,0,1,1,2,0,1,0,0,1,3,1,1829,7555,4,38,0,0.41954434,41.954434,Dudosos
1,0,1,1,1,0,0,1,1,31,0,0,0,0,0,3,1,3299,16163,4,53,0,0.3515641,35.15641,Dudosos
1,0,0,1,1,0,0,1,1,8,0,0,0,0,0,0,0,1742,9811,8,48,0,0.42612344,42.612344,Dudosos
1,0,1,1,1,0,0,0,1,20,0,0,0,0,0,0,0,0,12375,4,62,0,0.48900837,48.900837,Dudosos
1,0,0,1,1,0,0,1,1,19,1,0,0,0,1,0,0,1525,19304,4,58,0,0.36666536,36.666536,Dudosos
1,0,0,1,1,0,0,1,1,8,0,0,0,0,0,3,1,2788,0,7,52,0,0.34795243,34.795243,Dudosos
1,0,0,1,1,3,0,1,1,22,0,0,0,0,1,1,1,2288,11571,4,43,0,0.36153567,36.153566999999995,Dudosos
1,0,1,1,1,3,0,1,1,28,0,0,0,0,1,0,0,3651,21484,3,51,0,0.33194488,33.194488,Dudosos
1,0,1,1,1,2,0,0,2,38,1,0,0,1,1,0,0,5732,11307,2,41,0,0.4508522,45.08522,Dudosos
1,0,0,1,1,1,0,0,1,11,0,0,0,3,0,0,0,6039,2701,3,47,0,0.4167709,41.67709,Dudosos
1,0,0,1,1,2,0,1,1,31,0,0,0,0,1,0,0,5548,24056,2,38,0,0.3124245,31.242449999999998,Dudosos
1,0,1,1,1,0,0,1,1,31,0,0,0,0,1,0,0,2510,26433,1,53,0,0.33158445,33.158445,Dudosos
2,3,0,1,1,0,3,1,1,8,1,0,0,0,0,0,0,3456,13923,8,31,0,0.48749742,48.749742000000005,Dudosos
2,3,0,1,1,0,0,1,1,18,0,0,0,2,0,2,0,3726,10116,4,55,0,0.37040126,37.040126,Dudosos
2,3,1,1,1,0,0,1,1,49,0,0,0,0,1,0,0,3783,5025,5,59,0,0.3150808,31.50808,Dudosos
2,3,1,1,1,0,0,0,1,21,0,0,0,0,0,0,0,2392,12136,7,56,0,0.48845756,48.845756,Dudosos
0,0,0,0,1,0,3,0,0,2,0,0,0,0,1,1,0,414,8740,9,45,0,0.31169462,31.169462,Dudosos
0,0,1,0,1,0,0,1,1,31,0,0,0,0,0,3,1,839,4484,7,54,0,0.48498046,48.498046,Dudosos
0,0,0,0,1,0,0,1,1,8,0,0,0,0,0,0,0,512,3923,5,43,0,0.45412382,45.412382,Dudosos
0,0,0,0,1,0,3,0,1,26,0,0,0,2,0,0,0,1595,6011,7,24,0,0.36975825,36.975825,Dudosos
0,0,0,0,1,0,0,0,1,21,0,1,0,0,0,0,0,1595,14253,7,50,0,0.38551876,38.551876,Dudosos
0,0,0,0,1,0,1,1,1,8,0,0,0,0,0,0,0,1685,10649,6,48,0,0.3326952,33.26952,Dudosos
0,0,0,0,0,2,0,0,1,40,1,0,0,0,0,0,1,1581,0,2,30,0,0.41647872,41.647872,Dudosos
0,0,0,0,1,0,0,1,1,26,0,1,0,0,0,3,1,1685,14895,3,40,0,0.46106616,46.106616,Dudosos
7,6,0,1,0,2,0,0,1,35,0,0,1,0,0,0,0,1897,0,1,49,0,0.36487073,36.487072999999995,Dudosos
9,6,1,2,1,0,0,1,1,47,0,0,0,0,0,2,0,0,7800,5,38,0,0.4335465,43.35465,Dudosos
9,6,1,2,1,0,0,1,1,8,0,1,0,0,0,2,1,0,12393,6,38,0,0.4279872,42.79872,Dudosos
9,6,1,2,1,0,0,1,1,18,0,1,0,0,0,1,0,1297,19042,4,59,0,0.3825481,38.25481,Dudosos
3,0,1,1,1,2,0,0,1,2,0,0,0,2,0,3,1,578,11626,7,62,0,0.30088353,30.088353,Dudosos
3,0,0,1,1,1,3,1,1,16,0,0,0,2,0,0,0,5890,15708,3,51,0,0.42891842,42.891842000000004,Dudosos
3,0,0,2,1,0,0,1,1,0,0,0,0,2,0,1,0,6374,12085,5,52,0,0.40842143,40.842143,Dudosos
3,5,0,1,1,2,0,1,1,31,0,0,0,2,1,3,1,3691,13452,3,59,0,0.40401185,40.401185,Dudosos
8,6,0,2,1,0,0,1,1,44,0,0,0,0,1,3,1,828,8968,3,55,0,0.32411242,32.411242,Dudosos
8,6,1,1,1,2,0,0,1,20,1,0,0,0,1,0,0,2799,18682,1,48,0,0.45424452,45.424451999999995,Dudosos
8,6,1,1,1,0,0,1,1,31,0,0,0,0,1,0,0,1903,19160,2,29,0,0.40273526,40.273526,Dudosos
8,6,1,1,1,0,0,1,1,4,1,0,0,0,1,2,0,1829,18011,2,53,0,0.39863375,39.863375,Dudosos
8,6,1,1,0,0,0,1,1,32,0,0,0,0,1,3,1,1829,2513,2,53,0,0.3858509,38.58509,Dudosos
1,0,1,1,1,0,0,1,0,9,1,0,0,0,1,1,1,2144,12075,6,47,0,0.4627655,46.27655,Dudosos
1,0,1,1,1,0,0,1,1,31,0,0,0,0,0,2,1,4030,12322,6,53,0,0.429485,42.9485,Dudosos
1,5,1,1,1,2,3,1,1,42,1,1,0,0,0,0,0,1516,14794,7,50,0,0.41598678,41.598678,Dudosos
1,0,0,1,1,0,0,0,1,31,0,1,0,0,0,0,0,4526,13753,4,60,0,0.3551879,35.51879,Dudosos
1,5,1,1,1,0,0,1,1,31,0,0,0,0,1,3,1,3432,12015,3,44,0,0.4514604,45.14604,Dudosos
1,0,1,1,1,0,0,1,1,31,0,1,0,0,0,3,1,1124,21044,3,59,0,0.41463342,41.463342,Dudosos
1,0,0,1,1,3,0,1,1,8,0,0,0,0,1,0,0,3513,15606,4,58,0,0.36018723,36.018723,Dudosos
2,3,1,1,1,0,0,1,1,32,0,0,0,2,0,3,1,4112,9344,4,55,0,0.34575123,34.575123000000005,Dudosos
2,3,1,1,1,0,0,1,2,8,0,0,0,0,0,0,0,2013,12999,7,54,0,0.38364297,38.364297,Dudosos
2,3,0,1,1,0,0,1,1,8,0,1,0,0,0,0,0,1800,10135,4,50,0,0.46602395,46.602395,Dudosos
2,3,1,1,1,2,0,1,1,51,1,0,0,0,1,0,0,6135,17688,2,43,0,0.46596187,46.596187,Dudosos
2,3,1,1,1,0,0,1,1,27,0,0,0,0,1,0,0,5049,10924,2,60,0,0.34403118,34.403118,Dudosos
0,0,0,0,1,3,0,0,2,27,0,0,0,0,0,0,0,1233,0,5,22,0,0.34434336,34.434336,Dudosos
0,0,1,0,1,0,3,0,2,38,0,0,0,1,0,3,1,2156,15203,4,58,0,0.44312286,44.312286,Dudosos
0,0,0,0,1,0,0,1,1,7,1,0,0,0,0,0,0,1233,15118,7,45,0,0.30790067,30.790067,Dudosos
0,0,0,0,1,3,0,1,0,27,0,0,0,0,0,0,0,1840,0,7,24,0,0.40573168,40.573167999999995,Dudosos
0,0,0,0,1,0,0,0,1,9,0,0,0,0,0,0,1,3352,16774,5,45,0,0.33383107,33.383107,Dudosos
7,6,0,1,1,0,0,0,1,1,0,0,0,0,1,0,0,1317,5411,1,35,0,0.3179898,31.79898,Dudosos
7,6,1,1,0,0,0,1,1,8,0,0,0,0,0,0,0,1317,0,1,57,0,0.4232013,42.32013,Dudosos
9,6,1,2,1,0,0,1,1,2,0,1,0,0,0,2,0,0,10984,6,47,0,0.3056009,30.560090000000002,Dudosos
9,6,1,2,1,0,0,0,1,8,0,1,0,0,0,1,1,0,10972,4,54,0,0.38453203,38.453203,Dudosos
9,6,1,2,1,0,0,0,1,8,0,1,0,0,0,3,1,1297,19766,4,56,0,0.38707826,38.707826,Dudosos
3,5,1,1,1,0,0,1,1,31,0,0,0,2,1,3,1,1906,14033,4,37,0,0.32552102,32.552102,Dudosos
3,0,1,1,1,2,0,1,1,32,1,0,0,1,0,3,1,1223,25097,4,52,0,0.4412476,44.12476,Dudosos
3,0,1,1,1,3,0,1,1,4,1,0,0,2,0,3,1,0,21936,6,51,0,0.33027202,33.027202,Dudosos
3,0,1,1,1,0,0,0,1,11,0,1,0,2,0,3,1,4451,8175,5,43,0,0.30529666,30.529666,Dudosos
3,0,0,2,1,0,0,1,1,31,0,0,0,2,1,0,0,4497,10645,2,37,0,0.49046114,49.046114,Dudosos
3,5,0,1,1,2,0,1,1,42,1,0,0,2,1,0,0,5531,22297,3,55,0,0.3528042,35.28042,Dudosos
3,7,1,1,1,3,0,1,1,21,0,0,0,2,1,3,1,1141,23176,3,45,0,0.39831913,39.831913,Dudosos
3,7,0,2,0,3,3,1,1,31,1,0,0,2,1,0,0,5222,20503,2,49,0,0.37896886,37.896886,Dudosos
8,6,0,2,1,0,0,1,1,31,0,0,0,0,0,2,0,751,6712,4,37,0,0.34525248,34.525248,Dudosos
8,6,0,2,1,2,0,1,2,8,1,0,0,0,1,0,0,2791,9410,3,41,0,0.45375693,45.375693,Dudosos
8,6,1,1,1,3,0,0,1,26,0,0,0,0,0,2,0,1141,24270,4,41,0,0.4766198,47.66198,Dudosos
8,6,1,1,1,2,0,1,1,8,1,0,0,0,1,1,0,2799,18710,2,44,0,0.49306443,49.306443,Dudosos
8,6,1,1,1,0,0,1,1,31,0,0,0,0,1,3,1,1903,24530,1,58,0,0.30773273,30.773273,Dudosos
8,6,1,1,0,0,0,1,1,8,1,0,0,0,1,3,1,0,16513,4,59,0,0.46994755,46.994755,Dudosos
8,6,0,2,1,3,0,1,1,48,0,0,0,0,1,0,0,1829,15334,2,45,0,0.38320678,38.320678,Dudosos
8,6,0,2,1,0,0,0,1,31,0,0,0,0,0,0,0,1829,0,1,57,0,0.461075,46.1075,Dudosos
8,6,1,1,0,3,0,1,1,21,0,0,0,0,1,0,1,1829,22445,2,62,0,0.33133367,33.133367,Dudosos
8,6,0,2,0,0,0,1,1,42,0,0,0,0,1,0,1,1829,10278,2,39,0,0.31615448,31.615448,Dudosos
1,0,1,1,1,3,0,0,1,42,0,0,0,3,0,3,1,8261,17171,5,24,0,0.3947188,39.47188,Dudosos
1,0,1,1,1,0,0,1,1,2,0,0,0,0,1,3,1,2134,11604,7,45,0,0.43771705,43.771705,Dudosos
1,0,0,1,1,0,0,0,1,48,0,0,0,0,0,1,0,2329,11917,5,42,0,0.31564566,31.564566,Dudosos
1,5,0,1,1,0,3,1,1,42,0,0,0,0,0,0,1,1373,0,4,26,0,0.35460824,35.460824,Dudosos
1,5,0,1,1,0,0,1,2,40,0,0,0,0,0,0,0,2324,0,5,43,0,0.47490522,47.490522,Dudosos
1,0,0,1,1,0,3,1,1,46,0,0,0,0,0,2,0,1021,10259,6,50,0,0.34211606,34.211606,Dudosos
1,0,0,1,1,1,3,0,1,40,0,0,0,0,1,0,0,2651,9018,7,47,0,0.37178445,37.178444999999996,Dudosos
1,0,0,1,1,0,0,1,1,4,0,0,0,0,0,0,0,1939,12434,6,41,0,0.38741446,38.741446,Dudosos
1,0,0,1,1,0,3,0,1,9,0,1,0,0,0,0,0,1373,10536,4,51,0,0.30221075,30.221075,Dudosos
1,0,0,1,1,0,0,1,1,8,1,0,0,2,0,3,1,4710,18250,6,37,0,0.42446935,42.446935,Dudosos
1,0,0,1,1,0,0,1,1,27,0,0,0,0,1,0,0,2699,3642,4,51,0,0.48202717,48.202717,Dudosos
1,0,0,1,1,0,0,1,1,31,1,0,0,0,1,0,0,2699,17930,5,55,0,0.43881974,43.881974,Dudosos
1,0,0,0,1,3,0,1,1,21,0,1,0,0,1,0,0,1750,6537,1,61,0,0.38433558,38.433558,Dudosos
1,0,0,1,1,0,3,1,1,44,1,0,0,0,1,0,0,1750,15297,1,54,0,0.37525257,37.525257,Dudosos
1,0,1,1,1,2,0,0,1,31,1,0,0,0,1,3,1,3226,24641,2,48,0,0.35780042,35.780042,Dudosos
2,3,0,1,1,0,0,1,1,29,0,0,0,0,1,3,1,2409,5896,4,51,0,0.4678436,46.78436,Dudosos
2,3,1,1,1,0,0,0,1,39,0,0,0,0,0,2,0,3023,17763,5,44,0,0.41154084,41.154084000000005,Dudosos
2,3,1,1,1,0,3,1,1,44,0,1,0,0,0,3,1,5501,9472,7,56,0,0.3074583,30.74583,Dudosos
0,0,0,0,1,0,0,1,1,8,0,0,0,0,1,3,1,3119,13681,7,19,0,0.35173082,35.173082,Dudosos
0,0,0,0,1,1,0,0,2,11,0,0,0,3,1,1,0,3459,4965,4,46,0,0.45512354,45.512354,Dudosos
0,0,0,0,1,0,0,0,1,8,1,0,0,0,1,3,1,2089,1150,8,53,0,0.37296325,37.296325,Dudosos
0,0,0,0,1,1,0,1,1,44,0,0,0,1,1,0,0,3244,5428,4,51,0,0.40719622,40.719622,Dudosos
0,0,0,0,1,0,0,1,1,39,0,0,0,0,1,0,0,1643,13539,2,55,0,0.34336582,34.336582,Dudosos
9,6,0,2,1,0,0,1,1,40,0,0,0,0,1,0,1,0,17232,4,39,0,0.31798765,31.798765,Dudosos
9,6,1,2,1,0,0,1,1,8,0,1,0,0,0,3,1,0,14642,6,53,0,0.445372,44.5372,Dudosos
9,6,1,2,1,0,0,1,1,2,0,1,0,0,0,2,0,0,10984,4,33,0,0.31069195,31.069195,Dudosos
9,6,1,2,1,2,0,1,2,31,0,1,0,0,0,3,1,2219,10563,5,49,0,0.4024385,40.243849999999995,Dudosos
9,6,1,2,1,0,0,1,1,8,0,0,0,0,1,2,0,0,23305,4,49,0,0.31564522,31.564522,Dudosos
9,6,1,2,1,0,0,1,1,38,0,0,0,2,0,3,1,2070,17178,4,37,0,0.31340957,31.340957000000003,Dudosos
9,6,1,2,1,3,0,1,1,8,1,0,0,0,0,2,0,0,0,3,32,0,0.4488158,44.88158,Dudosos
9,6,1,2,1,0,0,1,1,42,0,0,0,0,0,3,1,828,11776,7,48,0,0.36420527,36.420527,Dudosos
3,5,0,1,1,0,0,0,1,31,0,0,0,1,0,3,1,778,22762,6,61,0,0.33225697,33.225697,Dudosos
3,0,1,2,1,0,0,0,1,22,0,0,0,2,0,3,1,2922,9513,3,56,0,0.31026495,31.026494999999997,Dudosos
3,0,1,1,1,0,0,1,1,47,0,0,0,2,0,1,0,611,15780,8,68,0,0.31957498,31.957498,Dudosos
3,0,1,1,1,0,0,0,1,47,0,0,0,2,0,2,0,2444,24458,8,43,0,0.34140742,34.140742,Dudosos
3,0,1,1,1,0,0,0,1,31,0,0,0,2,0,3,1,0,27024,7,42,0,0.3885697,38.856970000000004,Dudosos
3,0,0,1,1,0,0,1,1,26,0,0,0,2,0,0,0,3599,10976,4,50,0,0.47524735,47.524735,Dudosos
3,0,0,1,1,0,3,1,1,8,1,0,0,2,1,0,0,4497,12556,2,59,0,0.4855946,48.55946,Dudosos
3,0,1,1,1,3,0,1,1,13,0,0,0,3,1,3,1,9723,13020,4,51,0,0.43420824,43.420824,Dudosos
3,5,1,2,1,2,3,1,1,31,1,0,0,2,1,3,1,5448,24923,2,50,0,0.49863437,49.863437,Dudosos
3,5,0,1,1,2,0,1,1,40,1,0,1,2,0,0,1,6048,0,1,43,0,0.32048234,32.048234,Dudosos
3,7,1,1,1,0,3,0,1,31,1,0,0,2,1,2,1,2662,17829,2,58,0,0.37255582,37.255582,Dudosos
3,7,0,1,1,2,0,1,1,49,1,0,0,2,0,0,0,4922,0,1,71,0,0.43325907,43.325907,Dudosos
8,6,0,2,1,2,0,1,1,29,1,0,0,0,1,2,0,2727,6115,3,45,0,0.4149148,41.491479999999996,Dudosos
8,6,1,1,1,2,0,1,1,38,1,0,0,0,1,3,1,5310,14713,3,41,0,0.4267204,42.67204,Dudosos
8,6,1,1,1,0,0,1,1,8,1,0,0,0,1,0,0,1903,23963,1,32,0,0.49704143,49.704143,Dudosos
8,6,1,1,1,2,0,1,1,51,1,0,0,0,1,0,0,2799,14521,2,58,0,0.3509365,35.09365,Dudosos
8,6,1,1,1,0,0,1,1,8,0,0,0,0,0,0,0,1903,0,2,48,0,0.48754105,48.754104999999996,Dudosos
8,6,1,1,0,3,0,1,1,51,0,1,0,0,0,3,1,0,12612,3,38,0,0.33900854,33.900854,Dudosos
8,6,1,1,1,0,0,1,1,7,1,0,0,0,1,3,1,3571,5886,3,49,0,0.39510247,39.510247,Dudosos
8,6,1,1,1,0,0,1,1,49,0,1,0,0,1,2,0,1829,18838,3,58,0,0.36056417,36.056417,Dudosos
8,6,1,1,1,3,3,1,1,31,0,0,0,0,1,3,1,1829,18663,1,60,0,0.40584427,40.584427,Dudosos
8,6,1,1,1,0,0,1,1,4,0,0,0,0,0,0,0,1829,0,1,21,0,0.39368704,39.368704,Dudosos
8,6,1,2,0,0,0,1,2,8,0,0,0,0,1,2,1,1829,20893,3,44,0,0.36977756,36.977756,Dudosos
8,6,1,2,0,2,0,1,1,31,1,0,0,0,0,3,1,7678,0,1,47,0,0.36959293,36.959292999999995,Dudosos
8,6,1,2,0,2,0,1,1,8,0,0,1,0,0,0,0,2574,0,1,32,0,0.39778334,39.778334,Dudosos
8,6,1,2,0,3,0,1,1,44,0,0,0,0,0,0,0,1829,0,1,21,0,0.33876628,33.876628,Dudosos
1,5,0,1,1,0,0,1,1,39,0,0,0,0,0,0,1,1684,9847,4,55,0,0.30793825,30.793825000000002,Dudosos
1,0,1,1,1,0,0,0,2,47,0,0,0,2,0,0,0,2934,8576,5,43,0,0.4478153,44.781530000000004,Dudosos
1,0,1,1,1,0,0,1,1,8,1,0,0,2,0,0,0,4824,23086,4,48,0,0.41134864,41.134864,Dudosos
1,0,0,1,1,0,0,0,1,31,0,1,0,0,0,0,0,4526,13753,6,59,0,0.3621856,36.21856,Dudosos
1,0,1,1,1,3,3,0,2,39,1,0,0,0,1,0,0,3651,22400,2,57,0,0.36129126,36.129126,Dudosos
1,0,0,1,1,0,0,0,1,8,0,0,0,0,1,1,0,3115,6334,3,61,0,0.41446117,41.446117,Dudosos
1,0,0,0,1,2,1,0,1,27,1,0,0,0,1,0,0,4000,21197,1,59,0,0.3827859,38.27859,Dudosos
1,5,1,1,1,3,0,1,1,31,0,0,0,0,0,0,0,2510,0,1,28,0,0.45137745,45.137745,Dudosos
2,3,1,1,1,0,0,1,1,8,1,0,0,0,0,3,1,3115,8862,7,45,0,0.3389445,33.89445,Dudosos
2,3,1,1,1,0,0,0,1,35,1,1,0,0,0,3,1,2565,15501,4,55,0,0.31144464,31.144464,Dudosos
2,3,1,1,1,0,0,1,1,51,0,0,0,2,0,2,0,3974,22864,7,54,0,0.44271022,44.271022,Dudosos
2,3,1,1,1,0,0,0,1,8,0,0,0,0,0,2,0,2576,11601,7,49,0,0.47951463,47.951463,Dudosos
0,0,0,0,1,0,0,0,1,8,0,0,0,0,0,0,1,1233,9579,4,55,0,0.39087197,39.087197,Dudosos
0,0,0,0,1,0,0,0,1,31,0,0,0,1,0,3,1,1595,8419,4,57,0,0.37764567,37.764567,Dudosos
0,0,1,0,1,3,0,0,1,8,1,0,0,0,0,0,0,1472,8791,4,47,0,0.33938155,33.938154999999995,Dudosos
0,0,0,0,1,0,0,1,1,4,0,1,0,0,0,1,0,2754,15773,7,56,0,0.36818126,36.818126,Dudosos
0,0,0,0,1,0,3,1,1,11,0,0,0,2,1,0,0,4578,11099,2,40,0,0.3508762,35.08762,Dudosos
0,0,0,0,1,0,0,0,1,7,0,0,0,0,0,0,0,1233,9187,4,49,0,0.38076204,38.076204000000004,Dudosos
0,0,0,0,1,3,0,1,1,11,0,0,0,0,1,0,0,408,8783,6,56,0,0.36690623,36.690623,Dudosos
0,0,0,0,1,2,0,0,2,22,0,0,0,0,0,0,0,769,0,8,26,0,0.41872016,41.872016,Dudosos
0,0,0,0,1,0,0,0,1,7,0,0,0,0,1,0,0,3244,17681,4,39,0,0.3713909,37.13909,Dudosos
0,0,0,0,1,0,0,1,1,8,1,0,0,0,1,0,1,1685,7988,4,61,0,0.3089344,30.89344,Dudosos
0,0,0,0,1,2,0,1,1,8,1,0,0,3,0,0,0,4184,0,2,32,0,0.31189796,31.189795999999998,Dudosos
7,6,0,1,1,0,0,0,1,2,0,0,0,0,0,0,0,791,0,1,58,0,0.34254262,34.254262000000004,Dudosos
9,6,1,2,1,0,0,1,1,31,0,0,0,0,0,3,1,0,16094,4,50,0,0.30676433,30.676432999999996,Dudosos
9,6,1,2,1,3,2,1,1,2,0,1,0,3,0,3,1,2774,9378,5,54,0,0.45959032,45.959032,Dudosos
3,0,0,1,1,0,0,0,1,31,0,0,0,2,0,0,0,2195,0,7,62,0,0.39914924,39.914924,Dudosos
3,0,1,2,1,1,0,1,1,51,1,1,0,2,0,3,1,3829,9472,4,53,0,0.43230742,43.230742,Dudosos
3,0,1,1,1,3,0,1,1,51,1,0,0,2,0,2,1,2173,12832,7,53,0,0.42967612,42.967612,Dudosos
3,0,1,1,1,0,0,1,1,0,0,0,0,2,0,3,1,0,17046,7,62,0,0.43230814,43.230814,Dudosos
3,0,1,1,1,0,3,1,1,31,0,0,0,2,0,0,1,1868,13087,7,62,0,0.334209,33.420899999999996,Dudosos
3,0,0,2,1,0,0,1,1,46,0,0,0,2,0,0,0,1465,19597,5,48,0,0.3723268,37.23268,Dudosos
3,5,0,1,1,2,0,1,1,49,1,0,0,2,1,0,0,5487,11686,3,42,0,0.3359846,33.59846,Dudosos
3,5,0,1,1,3,0,0,1,6,0,0,0,1,1,2,0,4341,14150,3,53,0,0.4134504,41.34504,Dudosos
3,5,1,1,1,0,0,1,1,20,0,0,0,2,1,3,1,2662,11143,2,62,0,0.38435176,38.435176,Dudosos
8,6,0,2,1,0,0,1,1,8,0,0,0,0,1,2,0,1829,11303,3,39,0,0.4759485,47.59485,Dudosos
8,6,0,2,1,2,0,1,1,23,1,0,0,0,1,0,0,2727,16072,2,37,0,0.41003135,41.003135,Dudosos
8,6,1,1,1,3,3,0,1,20,0,1,0,0,1,3,1,2539,9632,2,41,0,0.355878,35.5878,Dudosos
8,6,1,1,1,2,0,1,1,31,1,0,0,0,1,1,1,2988,15095,2,39,0,0.4654573,46.54573,Dudosos
8,6,1,1,1,3,0,1,0,32,0,1,0,0,1,3,1,1903,10040,2,42,0,0.3259031,32.59031,Dudosos
8,6,1,1,1,0,0,1,1,31,1,0,0,0,1,3,1,3682,18126,2,59,0,0.41298202,41.298202,Dudosos
8,6,1,1,1,3,0,1,1,26,0,0,0,0,1,3,1,1903,17561,2,60,0,0.3680944,36.80944,Dudosos
8,6,1,1,1,2,0,1,1,26,1,0,0,0,1,3,1,2799,17484,2,41,0,0.38831633,38.831633,Dudosos
8,6,1,1,1,2,0,1,1,13,0,0,0,0,1,3,1,0,10281,2,46,0,0.4394534,43.94534,Dudosos
8,6,1,1,1,2,0,1,1,47,1,0,0,0,0,0,0,2799,0,1,22,0,0.45576474,45.576474,Dudosos
8,6,1,1,1,0,3,1,1,31,0,0,0,0,0,0,0,1903,0,2,53,0,0.39876974,39.876974,Dudosos
8,6,1,1,1,3,0,1,1,16,0,0,0,1,0,0,0,3743,0,1,59,0,0.49389076,49.389075999999996,Dudosos
8,6,1,1,0,3,0,1,1,35,0,1,0,0,1,2,0,1829,15224,2,51,0,0.3503226,35.03226,Dudosos
8,6,1,1,0,2,0,1,1,31,1,0,0,0,1,3,1,2727,11530,3,47,0,0.3983757,39.83757,Dudosos
8,6,1,1,0,0,0,0,1,31,0,0,0,0,1,0,0,1829,22642,2,39,0,0.49936935,49.936935,Dudosos
8,6,1,1,0,2,0,1,1,51,1,0,0,0,0,0,0,2727,0,2,58,0,0.49617156,49.617156,Dudosos
8,6,0,2,1,0,0,0,1,13,1,0,0,0,0,0,0,1829,0,1,47,0,0.3289028,32.89028,Dudosos
8,6,1,1,1,2,0,1,1,31,1,0,0,0,1,0,0,2727,14238,1,52,0,0.4875007,48.75007,Dudosos
8,6,1,2,0,0,0,0,1,31,1,0,0,0,1,0,1,1829,22535,2,52,0,0.39563853,39.563853,Dudosos
4,1,0,1,1,1,3,1,1,8,0,0,0,2,0,0,0,2881,18988,5,49,0,0.4937562,49.37562,Dudosos
1,5,0,1,1,3,0,0,1,46,0,0,0,0,0,1,0,3299,0,4,49,0,0.40171805,40.171805,Dudosos
1,0,1,1,1,0,0,0,1,8,0,0,0,0,0,2,0,1836,15170,8,51,0,0.3649486,36.49486,Dudosos
1,0,1,1,1,0,3,1,1,31,0,0,0,0,0,3,1,5454,14741,7,38,0,0.36353126,36.353126,Dudosos
1,0,1,1,1,3,0,1,1,19,0,0,0,0,0,0,0,1428,16295,7,45,0,0.3811476,38.11476,Dudosos
1,0,1,1,1,0,3,1,1,12,0,0,0,0,0,0,0,4788,0,3,23,0,0.39984915,39.984915,Dudosos
1,5,1,2,1,0,0,0,1,31,0,1,0,0,0,3,1,1684,10741,6,54,0,0.42014068,42.014068,Dudosos
1,0,0,2,1,0,3,1,1,8,0,1,0,0,0,2,0,2175,13095,6,42,0,0.31733182,31.733182,Dudosos
1,0,0,0,1,3,3,1,1,26,0,0,0,0,0,2,0,1750,0,2,49,0,0.44987074,44.987074,Dudosos
1,0,0,1,1,2,0,1,1,35,1,0,0,0,1,3,1,2615,21752,2,48,0,0.4723243,47.23243,Dudosos
1,5,1,1,1,3,0,1,1,31,0,0,0,0,1,3,1,2510,12409,2,56,0,0.3709974,37.09974,Dudosos
2,3,0,1,1,0,0,1,1,8,0,0,0,0,0,1,1,3299,8969,5,52,0,0.34489083,34.489083,Dudosos
2,3,1,1,1,2,0,0,1,26,0,0,0,0,0,1,0,2098,17384,4,36,0,0.36878055,36.878054999999996,Dudosos
2,3,1,1,1,0,0,1,1,19,0,1,0,0,0,0,0,3680,18580,5,50,0,0.48942047,48.942047,Dudosos
2,3,1,1,1,0,3,1,1,8,0,0,0,2,0,0,0,3527,0,2,51,0,0.3706793,37.06793,Dudosos
2,3,1,1,1,0,3,0,1,8,1,0,0,0,1,0,0,5049,21006,2,42,0,0.3950629,39.50629,Dudosos
0,0,0,0,1,1,3,0,1,12,0,1,0,0,0,0,0,1595,17389,4,45,0,0.30970842,30.970841999999998,Dudosos
0,0,1,0,1,0,1,0,1,13,0,0,0,0,1,3,1,3086,8574,6,38,0,0.43075946,43.075946,Dudosos
0,0,1,0,1,0,3,0,1,39,0,0,0,0,0,1,0,1466,20483,4,56,0,0.32112682,32.112682,Dudosos
0,0,0,0,1,3,0,1,1,31,0,0,0,0,0,0,0,613,8741,4,51,0,0.49086982,49.086982,Dudosos
0,0,0,0,1,0,0,1,0,8,1,0,0,0,1,0,1,1535,15935,4,49,0,0.3139207,31.39207,Dudosos
0,0,0,0,1,0,0,0,1,34,1,0,0,0,1,0,0,3148,8120,3,52,0,0.43415844,43.415844,Dudosos
0,0,0,0,1,0,3,0,1,8,0,0,0,0,1,0,0,3380,10831,3,59,0,0.33863,33.863,Dudosos
0,0,0,0,1,0,0,0,1,8,0,0,0,0,1,0,0,3148,3857,2,40,0,0.44328427,44.328427,Dudosos
7,6,0,1,0,3,0,1,2,8,1,0,0,0,0,0,0,1317,0,1,37,0,0.3474966,34.74966,Dudosos
7,6,0,1,0,2,0,0,1,31,0,0,1,1,0,0,0,6653,0,0,58,0,0.39501247,39.501247,Dudosos
9,6,1,2,1,0,0,1,1,21,0,0,0,0,0,3,1,0,17128,3,65,0,0.3011735,30.11735,Dudosos
3,5,1,1,1,0,0,1,1,31,0,0,0,2,0,2,0,0,19454,4,51,0,0.43971184,43.971184,Dudosos
3,0,1,2,1,0,0,1,1,31,1,0,0,2,0,1,0,1525,18082,4,50,0,0.3823254,38.23254,Dudosos
3,0,1,2,1,3,0,1,1,2,0,0,0,2,0,3,1,3969,13756,4,43,0,0.3352648,33.52648,Dudosos
3,0,1,1,1,0,3,1,1,38,0,1,0,4,0,3,1,3450,16749,5,41,0,0.40569213,40.569213,Dudosos
3,0,1,1,1,0,0,0,1,8,1,0,0,2,0,3,1,0,10713,6,48,0,0.47342655,47.342655,Dudosos
3,0,0,2,1,0,0,1,1,8,0,1,0,2,0,0,0,0,8918,4,43,0,0.3562554,35.62554,Dudosos
3,0,1,1,1,0,1,0,1,31,0,1,0,2,0,1,0,3938,17488,3,54,0,0.3129688,31.296879999999998,Dudosos
3,0,0,2,1,1,0,1,1,31,0,1,0,2,0,3,1,1525,11753,7,38,0,0.45228747,45.228747000000006,Dudosos
3,5,0,1,1,0,0,1,1,3,0,0,0,2,0,2,0,1098,9890,2,41,0,0.4140942,41.409420000000004,Dudosos
3,5,0,1,1,2,0,0,1,31,1,0,0,2,0,0,0,6442,0,1,22,0,0.3389748,33.89748,Dudosos
3,7,1,1,1,2,0,1,1,31,1,0,0,2,1,1,0,3748,8608,2,51,0,0.36337173,36.337173,Dudosos
3,7,1,1,0,0,0,1,1,31,1,0,0,2,1,3,1,1098,20398,2,51,0,0.48361713,48.361713,Dudosos
3,7,0,1,1,2,0,0,1,21,1,0,0,2,0,0,0,4922,0,1,55,0,0.46794695,46.794695,Dudosos
8,6,1,1,1,0,0,0,1,8,0,0,0,0,0,0,0,1903,0,1,46,0,0.35584068,35.584068,Dudosos
8,6,1,1,1,2,0,1,1,4,1,0,1,0,1,3,1,1903,13920,2,48,0,0.46048695,46.048695,Dudosos
8,6,1,1,1,0,0,1,1,8,0,0,0,0,0,2,0,1903,0,1,50,0,0.47852603,47.852603,Dudosos
8,6,1,1,1,0,0,1,1,31,1,0,0,0,0,0,0,1903,0,1,37,0,0.45192343,45.192343,Dudosos
8,6,1,1,0,0,3,1,1,31,0,0,0,0,1,1,0,1829,17992,2,51,0,0.45735037,45.735037,Dudosos
8,6,0,2,1,2,0,1,1,31,1,0,0,0,1,0,1,2727,16137,2,43,0,0.42564186,42.564186,Dudosos
8,6,1,2,0,0,0,1,1,47,1,0,0,2,1,3,1,3669,16433,2,58,0,0.35244438,35.244438,Dudosos
8,6,1,2,0,0,0,0,1,31,0,0,0,0,1,0,1,1829,25566,2,50,0,0.4605908,46.05908,Dudosos
4,1,0,1,1,0,3,1,1,32,1,0,0,2,0,0,0,1465,0,0,50,0,0.4148243,41.48243,Dudosos
10,6,0,2,0,0,0,1,0,27,0,0,0,0,0,0,0,184,0,2,63,0,0.43628097,43.628097,Dudosos
1,0,1,1,1,3,0,1,1,31,1,0,0,0,1,3,1,5056,14255,8,58,0,0.38197088,38.197088,Dudosos
1,0,1,1,1,3,0,0,1,38,0,0,0,3,1,3,1,5047,20722,9,38,0,0.30953842,30.953841999999998,Dudosos
1,5,1,1,1,3,3,1,1,8,1,0,0,0,0,3,1,1588,0,6,54,0,0.43018326,43.018326,Dudosos
1,0,1,1,1,0,0,1,1,18,0,1,0,0,0,3,1,1588,11038,4,51,0,0.32626665,32.626665,Dudosos
1,0,1,1,1,1,0,1,1,38,0,0,0,3,1,3,1,3210,10094,3,37,0,0.38998285,38.998284999999996,Dudosos
1,0,0,1,1,0,3,1,1,45,0,0,0,0,0,0,0,1525,8629,7,47,0,0.40039897,40.039897,Dudosos
1,0,0,1,1,3,0,0,2,32,0,0,0,2,0,0,0,3116,10678,5,57,0,0.3781503,37.81503,Dudosos
1,0,0,1,1,0,3,0,1,49,0,0,0,0,0,0,0,1373,19892,5,59,0,0.44448817,44.448817,Dudosos
1,0,0,1,1,1,0,1,1,47,0,1,0,0,0,0,0,3486,8270,3,62,0,0.48544315,48.544315,Dudosos
1,0,0,1,1,0,3,1,1,35,0,0,0,0,1,3,1,1875,14405,7,49,0,0.49061903,49.061903,Dudosos
1,5,0,2,1,0,0,1,1,44,0,1,0,0,0,2,1,2686,13774,3,53,0,0.37153962,37.153962,Dudosos
1,5,0,2,1,0,0,1,1,31,0,0,0,0,0,3,1,3095,14125,4,43,0,0.47590527,47.590527,Dudosos
1,0,0,1,1,0,0,1,1,8,0,0,0,0,1,0,0,1750,10716,3,47,0,0.37377098,37.377098,Dudosos
1,0,0,1,1,2,0,1,2,31,1,0,0,0,1,0,0,2464,17147,2,58,0,0.39710262,39.710262,Dudosos
1,0,1,1,1,2,0,1,1,31,1,0,0,0,1,0,0,3226,26285,1,49,0,0.4571295,45.71295,Dudosos
1,0,1,1,1,0,0,1,1,47,0,0,0,2,1,2,0,4718,9455,1,54,0,0.3703095,37.030950000000004,Dudosos
2,3,1,1,1,0,0,1,1,21,0,1,0,0,0,3,1,3115,15045,4,46,0,0.43483385,43.483385000000006,Dudosos
2,3,1,1,1,0,0,1,1,8,1,0,0,0,0,2,0,2098,9600,7,53,0,0.3612823,36.12823,Dudosos
0,0,1,0,1,0,3,1,1,7,0,0,0,0,1,0,1,2812,11107,8,58,0,0.36871967,36.871967,Dudosos
0,0,1,0,1,0,0,0,1,36,0,0,0,0,0,0,1,3919,20334,6,49,0,0.4259294,42.59294,Dudosos
0,0,0,0,1,0,0,0,1,48,0,0,0,2,0,0,0,1595,8240,5,47,0,0.30746672,30.746672000000004,Dudosos
0,0,0,0,1,3,3,0,1,39,0,0,0,0,0,0,0,2392,11198,7,48,0,0.34016016,34.016016,Dudosos
0,0,0,0,1,0,0,0,1,31,0,1,0,0,0,0,0,2605,10000,5,22,0,0.44165027,44.165027,Dudosos
9,6,1,2,1,0,0,1,1,20,0,0,0,0,0,3,1,1297,7947,4,46,0,0.32577384,32.577383999999995,Dudosos
9,6,1,2,1,0,0,1,1,8,0,1,0,0,0,3,1,0,12393,3,46,0,0.33201352,33.201352,Dudosos
9,6,1,2,1,0,0,0,1,31,0,0,0,2,0,1,0,1951,23770,4,51,0,0.37376833,37.376833,Dudosos
9,6,1,2,1,1,0,1,1,4,0,1,0,0,0,1,0,0,13595,6,41,0,0.361589,36.1589,Dudosos
9,6,1,2,1,0,0,1,1,44,0,0,0,0,1,1,1,4057,4083,3,57,0,0.4914517,49.14517,Dudosos
3,5,1,1,1,3,3,1,1,31,0,0,0,2,0,3,1,1676,8500,9,46,0,0.4415095,44.15095,Dudosos
3,0,1,2,1,0,0,1,1,31,0,0,0,2,0,2,0,1525,12736,6,44,0,0.34617203,34.617203,Dudosos
3,0,0,1,1,0,0,1,1,31,0,0,0,2,1,0,0,3058,8543,6,47,0,0.3021504,30.21504,Dudosos
3,7,1,2,1,0,3,1,1,4,1,0,0,2,0,3,1,1525,20827,7,58,0,0.3903404,39.03404,Dudosos
3,0,0,1,1,0,0,1,1,49,0,1,0,2,0,2,0,4497,10411,6,48,0,0.4796079,47.960789999999996,Dudosos
3,0,1,1,1,0,3,1,1,22,0,0,0,2,0,2,0,2924,17835,7,46,0,0.48401505,48.401505,Dudosos
3,7,1,1,1,3,0,1,1,49,0,0,0,2,1,3,1,2662,19629,2,60,0,0.31135833,31.135833,Dudosos
8,6,1,1,1,2,0,0,1,47,1,0,0,0,1,0,0,2799,11564,1,49,0,0.44600794,44.600794,Dudosos
8,6,1,1,1,2,0,1,1,8,1,0,0,0,1,0,1,2799,11327,2,38,0,0.40127203,40.127203,Dudosos
8,6,1,1,1,2,0,1,1,8,1,0,0,0,0,0,0,2799,0,1,55,0,0.49712586,49.712585999999995,Dudosos
8,6,1,1,1,0,0,0,1,2,1,0,0,0,0,0,1,1903,0,1,36,0,0.33422464,33.422464000000005,Dudosos
8,6,1,1,1,0,0,1,1,42,1,0,0,0,1,3,1,1903,18322,2,26,0,0.47599164,47.599164,Dudosos
8,6,1,1,1,3,0,1,1,31,0,0,0,0,0,0,0,1903,0,1,52,0,0.47892386,47.892385999999995,Dudosos
8,6,1,1,1,2,0,1,1,46,0,0,1,0,0,0,0,2648,0,1,46,0,0.44328156,44.328156,Dudosos
8,6,1,1,1,2,0,1,1,44,1,0,0,0,1,2,0,2799,24739,2,44,0,0.32379934,32.379934,Dudosos
8,6,1,1,0,0,0,1,1,31,0,0,0,0,0,3,1,0,7506,4,38,0,0.37471285,37.471285,Dudosos
8,6,1,1,0,2,0,1,1,8,1,0,0,0,1,3,1,4918,13378,2,53,0,0.46061096,46.061096,Dudosos
8,6,1,1,0,0,0,1,1,31,0,0,0,0,1,2,0,1829,7739,2,61,0,0.4070699,40.70699,Dudosos
8,6,0,2,1,0,0,1,2,8,0,0,0,0,0,0,0,1829,0,1,63,0,0.4964375,49.64375,Dudosos
8,6,1,1,1,2,0,1,1,8,1,0,0,0,1,0,0,2727,18864,1,41,0,0.48153326,48.153326,Dudosos
8,6,1,2,0,0,0,0,1,8,0,0,0,0,0,0,0,1829,0,1,49,0,0.42167056,42.167056,Dudosos
4,1,0,1,1,3,0,0,0,31,0,0,0,2,0,0,0,1829,0,7,60,0,0.43091616,43.091616,Dudosos
1,0,1,1,1,2,3,1,2,26,0,0,0,0,1,3,1,3431,34450,6,42,0,0.3747141,37.47141,Dudosos
1,0,0,1,1,0,3,1,1,31,0,1,0,0,0,0,0,3667,17374,5,37,0,0.3213676,32.136759999999995,Dudosos
1,5,0,1,1,0,0,1,1,31,0,0,0,2,0,0,0,4314,4916,4,48,0,0.3322539,33.22539,Dudosos
1,0,1,1,1,0,2,1,1,31,0,0,0,0,1,3,1,1713,13506,6,45,0,0.319125,31.912499999999998,Dudosos
1,0,1,1,1,0,0,1,1,8,0,0,0,0,0,0,0,1713,8034,4,60,0,0.3267731,32.67731,Dudosos
1,0,1,1,1,0,3,0,1,2,0,0,0,0,0,0,0,1588,14936,5,44,0,0.37426713,37.426713,Dudosos
1,0,1,1,1,0,3,1,1,35,0,0,0,0,0,0,0,2808,6161,4,39,0,0.38635403,38.635403000000004,Dudosos
1,0,0,1,1,0,0,0,1,9,0,1,0,0,0,0,0,4199,6577,4,42,0,0.3938841,39.38841,Dudosos
1,0,0,0,1,2,3,0,1,8,1,0,0,0,1,0,0,2615,13926,3,46,0,0.314948,31.4948,Dudosos
1,5,1,1,1,2,0,1,1,47,1,0,0,0,1,0,0,3452,22086,2,53,0,0.3863829,38.63829,Dudosos
1,0,1,1,1,0,0,0,1,31,1,0,0,0,1,0,0,2738,16855,2,57,0,0.35423142,35.423142,Dudosos
2,3,0,1,1,1,0,1,1,47,0,0,0,3,1,2,0,3726,10794,4,45,0,0.44500455,44.500455,Dudosos
2,3,0,1,1,0,0,1,1,8,0,0,0,0,0,1,0,2098,29313,4,61,0,0.32300982,32.300982,Dudosos
2,3,0,1,1,3,3,1,1,31,0,1,0,0,0,0,0,552,7849,8,62,0,0.39781693,39.781693000000004,Dudosos
2,3,1,1,1,2,3,1,1,20,1,0,0,0,0,1,1,1647,24858,6,62,0,0.3169312,31.693120000000004,Dudosos
2,3,0,1,1,0,0,0,1,7,1,1,0,0,1,0,0,1800,12138,2,62,0,0.48406285,48.406285,Dudosos
2,3,0,1,1,2,0,1,1,18,1,0,0,0,1,0,0,5947,3750,2,51,0,0.30838358,30.838358,Dudosos
0,0,0,0,1,0,0,0,1,8,0,0,0,0,0,0,0,1233,8063,4,47,0,0.36924896,36.924896000000004,Dudosos
0,0,0,0,1,0,0,1,2,19,0,0,0,0,0,0,0,1395,10819,4,55,0,0.47414315,47.414315,Dudosos
0,0,0,0,1,0,0,0,1,49,1,0,0,0,0,3,1,0,3743,7,51,0,0.35812867,35.812867,Dudosos
7,6,0,1,1,2,3,1,1,2,0,0,1,0,0,0,0,1897,0,1,51,0,0.3259994,32.59994,Dudosos
7,6,0,1,1,0,0,0,1,47,0,0,0,0,0,0,0,1684,0,0,47,0,0.37695155,37.695155,Dudosos
9,6,1,2,1,0,0,1,1,8,0,0,0,0,0,1,0,0,16140,2,38,0,0.32763514,32.763514,Dudosos
3,0,0,1,1,0,3,1,1,31,0,0,0,2,0,0,1,0,18184,8,56,0,0.32996082,32.996082,Dudosos
3,0,1,1,1,0,0,1,1,8,0,0,0,2,0,0,0,0,7732,4,57,0,0.408009,40.8009,Dudosos
3,5,0,1,1,0,0,1,1,11,0,0,0,2,0,0,0,2548,12580,3,53,0,0.45162362,45.162362,Dudosos
3,0,1,1,1,0,0,1,1,31,0,0,0,2,1,3,1,3579,22639,4,39,0,0.40833488,40.833488,Dudosos
3,0,1,1,1,0,0,1,1,31,0,1,0,2,1,1,0,4497,14926,4,46,0,0.41530782,41.530782,Dudosos
3,5,0,1,1,3,0,1,1,44,0,0,0,2,1,1,0,2929,11365,3,50,0,0.4899162,48.991620000000005,Dudosos
3,5,1,1,1,0,3,1,1,31,1,0,0,2,1,3,1,3030,18083,2,47,0,0.36631724,36.631724,Dudosos
3,5,1,2,0,0,0,0,1,32,1,0,0,2,1,1,0,2561,12856,1,53,0,0.3042982,30.429820000000003,Dudosos
3,7,1,1,1,3,0,0,1,24,0,0,0,2,1,3,1,2708,9947,2,55,0,0.3306541,33.06541,Dudosos
3,7,0,1,1,2,0,0,1,21,1,0,0,2,1,0,0,5290,12542,1,44,0,0.34900317,34.900316999999994,Dudosos
8,6,0,2,1,2,3,0,1,19,1,0,0,0,1,0,0,2727,18749,3,41,0,0.37997562,37.997562,Dudosos
8,6,1,1,1,2,0,1,2,8,0,0,0,0,1,3,1,2226,16972,2,48,0,0.36429277,36.429277,Dudosos
8,6,1,1,1,1,0,1,1,22,0,0,0,0,1,3,1,1903,13423,3,53,0,0.353183,35.3183,Dudosos
8,6,1,1,1,3,3,1,1,31,0,0,0,0,1,2,0,1903,18314,2,47,0,0.46460065,46.460065,Dudosos
8,6,1,1,1,3,0,1,1,20,0,0,0,0,1,3,1,1903,22732,3,40,0,0.3550302,35.50302,Dudosos
8,6,1,1,0,3,0,1,1,31,0,0,0,0,1,2,1,1098,29698,3,50,0,0.34006527,34.006527,Dudosos
8,6,1,2,0,0,0,1,1,8,1,0,0,0,1,2,0,1098,24131,4,50,0,0.34127927,34.127927,Dudosos
8,6,1,2,0,0,0,1,1,8,0,0,0,0,0,3,1,1829,0,2,37,0,0.39931244,39.931244,Dudosos
8,6,0,2,0,0,0,1,1,8,0,0,0,0,0,3,1,1759,0,1,49,0,0.3842645,38.42645,Dudosos
1,0,0,1,1,0,0,1,1,47,0,0,0,0,1,0,0,2933,8509,6,42,0,0.3503484,35.03484,Dudosos
1,0,0,1,1,0,0,1,1,8,0,0,0,0,0,3,1,3299,7643,7,37,0,0.31484511,31.484510999999998,Dudosos
1,5,1,1,1,0,0,1,1,2,1,1,0,0,0,0,0,3207,10745,6,52,0,0.47714543,47.714543,Dudosos
1,5,0,1,1,0,0,1,1,22,0,0,0,2,1,0,0,2360,5861,7,38,0,0.339907,33.990700000000004,Dudosos
1,0,1,1,1,0,0,1,1,31,0,0,0,0,0,0,1,2221,22639,5,42,0,0.3242911,32.42911,Dudosos
1,0,1,1,1,0,0,0,1,8,0,0,0,0,0,0,0,2821,5761,4,58,0,0.48821673,48.821673,Dudosos
1,0,1,1,1,0,1,1,0,16,0,0,0,0,1,3,1,2821,24142,3,46,0,0.3087403,30.87403,Dudosos
1,5,1,1,1,0,0,0,1,4,0,1,0,0,0,2,0,3432,16827,4,51,0,0.32039562,32.039562,Dudosos
1,0,0,1,1,0,3,1,1,2,0,0,0,0,0,0,0,4199,5026,3,44,0,0.32435167,32.435167,Dudosos
1,0,0,0,1,2,0,0,1,6,1,0,0,0,1,0,0,2160,22632,2,53,0,0.3274591,32.74591,Dudosos
1,5,1,1,1,3,0,1,1,47,0,0,0,0,0,0,0,2738,0,1,51,0,0.41013068,41.013068000000004,Dudosos
1,5,1,1,1,1,0,1,1,8,0,0,0,0,1,0,0,2510,26968,1,60,0,0.34796953,34.796953,Dudosos
2,3,1,1,1,0,0,1,1,34,1,0,0,0,0,3,1,2098,13570,8,44,0,0.3225579,32.25579,Dudosos
2,3,0,1,1,0,0,1,1,31,0,0,0,4,1,1,1,3640,16288,3,57,0,0.44083506,44.083506,Dudosos
0,0,1,0,1,3,0,0,1,12,0,0,0,0,0,1,0,638,0,9,28,0,0.30994475,30.994474999999998,Dudosos
0,0,0,0,1,0,0,1,1,26,0,1,0,0,1,0,0,3148,6907,2,60,0,0.45661452,45.661452000000004,Dudosos
7,6,1,1,1,3,3,0,1,31,0,0,0,0,0,0,0,1369,0,1,28,0,0.38193306,38.193306,Dudosos
7,6,0,1,1,0,0,1,1,8,0,0,0,0,0,0,0,1317,0,1,32,0,0.42228344,42.228344,Dudosos
3,5,1,1,1,0,0,1,1,2,0,0,0,2,0,3,1,0,10835,4,47,0,0.33283752,33.283752,Dudosos
3,0,1,1,1,0,0,1,2,51,0,0,0,2,1,3,1,920,12409,4,49,0,0.3696214,36.96214,Dudosos
3,0,1,1,1,0,0,1,1,4,0,0,0,2,0,3,1,1525,16089,4,57,0,0.390307,39.0307,Dudosos
3,0,1,1,1,0,0,1,1,8,1,0,0,2,1,3,1,2022,23378,4,49,0,0.4759414,47.59414,Dudosos
3,0,1,1,1,0,0,1,1,42,0,0,0,2,1,1,1,1921,16772,7,38,0,0.336252,33.6252,Dudosos
3,0,0,1,1,0,0,1,1,32,1,0,0,2,0,0,0,0,19337,8,44,0,0.4013851,40.13851,Dudosos
3,0,0,1,1,1,0,1,1,26,0,0,0,3,0,1,1,6442,0,5,35,0,0.36128554,36.128554,Dudosos
3,5,1,1,1,0,0,1,1,31,0,0,0,2,1,2,0,2539,28799,2,61,0,0.40584087,40.584087000000004,Dudosos
3,7,1,1,1,3,0,0,1,44,0,0,0,2,1,0,0,2662,8668,2,57,0,0.3762413,37.62413,Dudosos
3,7,1,1,1,2,0,1,1,38,1,0,0,2,1,1,1,5634,14877,2,48,0,0.3215917,32.159169999999996,Dudosos
8,6,1,1,1,3,0,1,1,36,0,0,0,0,1,3,1,1903,16511,3,43,0,0.39294946,39.294945999999996,Dudosos
8,6,1,1,1,2,0,1,1,2,1,0,0,3,1,2,0,3351,34113,4,52,0,0.49503082,49.503082,Dudosos
8,6,1,1,1,3,0,0,1,4,0,0,0,0,1,0,0,1903,15799,2,51,0,0.3120537,31.20537,Dudosos
8,6,1,1,1,2,0,1,1,8,1,0,0,0,1,0,0,2799,13842,2,60,0,0.41863993,41.863993,Dudosos
8,6,1,1,1,2,0,0,1,8,1,0,0,0,1,0,0,2799,18398,1,41,0,0.35685205,35.685204999999996,Dudosos
8,6,1,1,1,2,0,1,1,8,0,0,1,0,0,0,0,2648,0,1,42,0,0.39538762,39.538762,Dudosos
8,6,0,2,1,2,0,1,1,8,1,0,0,0,1,0,0,2727,13341,1,52,0,0.4870095,48.70095,Dudosos
8,6,1,1,1,0,0,1,1,45,1,1,0,0,1,3,1,1098,8345,4,44,0,0.37293634,37.293634,Dudosos
8,6,1,2,0,0,0,1,1,8,1,0,0,0,1,2,0,1829,11827,3,43,0,0.33956915,33.956914999999995,Dudosos
8,6,1,2,0,2,0,1,1,8,1,0,0,0,1,2,0,2727,23057,2,49,0,0.4908184,49.08184,Dudosos
8,6,1,2,0,0,0,1,1,18,0,0,0,0,0,0,0,1829,0,0,39,0,0.43312594,43.312594,Dudosos
4,1,0,2,1,0,0,1,1,31,0,0,0,2,0,0,0,1465,0,0,65,0,0.417479,41.7479,Dudosos
1,0,1,1,1,0,0,0,1,26,0,0,0,0,0,0,0,6643,10366,9,39,0,0.4393189,43.93189,Dudosos
1,0,1,1,1,2,0,1,1,38,0,1,0,0,0,2,0,2236,6730,4,47,0,0.41864178,41.864178,Dudosos
1,0,0,1,1,0,3,0,1,0,1,0,0,2,0,0,0,3442,15070,9,59,0,0.47814295,47.814295,Dudosos
1,0,0,1,1,2,3,0,1,8,0,0,0,2,0,1,0,2476,9585,7,59,0,0.3767786,37.67786,Dudosos
1,5,1,1,1,0,0,1,1,8,0,0,0,0,0,3,1,2324,11593,5,44,0,0.38271752,38.271752,Dudosos
1,0,0,1,1,0,2,0,1,28,0,0,0,0,1,3,1,2288,4718,8,62,0,0.48485655,48.485655,Dudosos
1,0,1,1,1,3,0,1,1,49,0,0,0,0,1,0,1,4867,12200,2,44,0,0.4662438,46.62438,Dudosos
1,0,0,1,1,0,0,1,1,8,1,1,0,0,1,0,0,2699,6992,2,49,0,0.4171651,41.71651,Dudosos
1,0,0,1,1,2,0,1,1,8,1,0,0,0,1,0,0,2464,16290,2,41,0,0.33941796,33.941796000000004,Dudosos
1,0,0,2,1,2,0,1,1,42,1,0,0,0,1,3,1,2548,12921,3,53,0,0.33308005,33.308005,Dudosos
1,5,1,1,1,3,0,0,1,4,0,0,0,0,1,1,0,2510,22589,2,53,0,0.43308398,43.308398,Dudosos
1,0,1,1,1,2,3,1,1,18,1,0,0,0,1,2,0,3226,13102,3,54,0,0.33542502,33.542502,Dudosos
1,0,1,1,1,3,0,1,1,44,1,0,0,1,0,0,1,4526,0,0,44,0,0.41257992,41.257992,Dudosos
2,3,1,1,1,0,0,1,1,8,0,0,0,0,0,1,0,3032,19339,6,62,0,0.42400151,42.400151,Dudosos
2,3,1,1,1,0,0,1,1,31,0,0,0,0,0,3,1,0,23026,4,58,0,0.3952037,39.52037,Dudosos
2,3,1,1,1,0,0,1,1,21,0,1,0,0,0,3,1,3014,9835,4,62,0,0.41192922,41.192921999999996,Dudosos
2,3,1,1,1,0,0,1,1,8,0,0,0,0,1,0,0,6250,21137,2,58,0,0.3226345,32.26345,Dudosos
0,0,1,0,1,1,2,0,1,22,0,0,0,0,0,0,0,3341,8163,3,46,0,0.3412799,34.127990000000004,Dudosos
0,0,1,0,1,1,0,1,1,34,0,0,0,2,1,3,1,1505,39806,2,45,0,0.46473584,46.473584,Dudosos
0,0,0,0,1,3,0,0,1,26,0,0,0,0,1,0,0,2153,22611,7,38,0,0.4756687,47.56687,Dudosos
0,0,0,0,1,0,0,0,1,21,0,1,0,0,0,0,0,1466,2090,6,44,0,0.45641768,45.641768,Dudosos
7,6,0,1,1,2,0,0,1,31,0,0,1,0,0,0,0,1897,0,1,38,0,0.41030714,41.030714,Dudosos
3,7,0,1,1,0,0,1,1,8,0,0,0,2,0,3,1,0,23230,7,62,0,0.4874052,48.74052,Dudosos
3,0,1,2,1,0,0,1,2,49,0,0,0,1,0,3,1,4388,11245,2,37,0,0.37396353,37.396353,Dudosos
3,0,1,2,1,0,0,1,1,31,0,0,0,2,1,3,1,3579,28005,3,37,0,0.4196441,41.96441,Dudosos
3,0,1,1,1,0,0,1,2,9,0,0,0,0,1,0,0,3468,18792,2,37,0,0.48305476,48.305476000000006,Dudosos
3,5,0,1,1,2,0,1,1,31,1,0,0,2,1,0,0,3503,7641,2,40,0,0.34646383,34.646383,Dudosos
3,5,0,2,0,2,0,1,1,26,1,0,0,2,1,0,0,4922,13816,1,51,0,0.42854732,42.854732,Dudosos
3,5,0,1,1,2,0,1,1,31,0,0,1,2,0,0,0,4751,0,1,41,0,0.42437282,42.437281999999996,Dudosos
8,6,0,2,1,3,0,1,1,31,0,0,0,0,1,0,0,1829,15924,2,41,0,0.49689275,49.689275,Dudosos
8,6,0,2,1,2,3,1,1,8,1,0,0,0,1,1,0,2727,14781,2,41,0,0.31071094,31.071094,Dudosos
8,6,1,1,1,3,0,1,1,31,0,0,0,0,1,1,0,1903,21139,3,54,0,0.30789402,30.789402,Dudosos
8,6,1,1,1,0,1,1,1,32,0,0,0,0,1,3,1,1903,17991,1,48,0,0.3748265,37.48265,Dudosos
8,6,1,1,1,0,0,1,1,26,0,0,0,0,1,0,1,1903,17400,2,54,0,0.40701663,40.701662999999996,Dudosos
8,6,1,1,1,0,3,1,1,23,1,0,0,0,0,0,0,1903,0,0,46,0,0.36617896,36.617896,Dudosos
8,6,1,1,1,2,3,1,1,13,0,0,1,0,0,0,0,2648,0,1,61,0,0.41406032,41.406031999999996,Dudosos
8,6,1,1,0,0,0,1,1,8,0,1,0,0,1,1,0,1829,15768,2,45,0,0.39085063,39.085063,Dudosos
8,6,0,2,1,2,0,1,0,49,1,0,0,0,0,0,0,2727,0,1,42,0,0.44200176,44.200176,Dudosos
8,6,1,1,1,1,0,1,1,45,1,0,0,0,1,2,0,1829,14505,3,51,0,0.3769385,37.69385,Dudosos
8,6,0,2,0,2,0,1,1,49,0,0,1,0,0,0,0,2574,0,1,54,0,0.48618945,48.618945000000004,Dudosos
